Unnamed: 0.1,target_id,item_id,datetime,probability,latitude,longitude,bounding_box,area,major_length,minor_length,length
50,20200302_150447_103e_9_20_0,20200302_150447_103e,2020-03-02 15:04:47,0.5944709181785583,-12.031863989140682,-77.1873344481564,[290.72488   74.941414 299.        88.38355 ],1001.1173071637752,40.326416015625,24.825347900390625,47.355229141465315
51,20200302_150447_103e_9_21_0,20200302_150447_103e,2020-03-02 15:04:47,0.5633199214935303,-12.03247595587893,-77.18703487381747,[  3.1066504  96.24396    10.730564  112.051544 ],1084.6410984316317,47.42276000976562,22.87174129486084,52.65011601889276
52,20200302_150447_103e_9_23_0,20200302_150447_103e,2020-03-02 15:04:47,0.9529702067375184,-12.035531175112753,-77.16654916087002,[146.82419 198.24014 160.30325 223.64377],3081.754059333355,76.21087646484375,40.43719482421875,86.27435549913716
53,20200302_150447_103e_9_23_1,20200302_150447_103e,2020-03-02 15:04:47,0.8199249505996704,-12.03224775511724,-77.16731326094927,[120.67034  82.49153 129.06396  97.62085],1142.9081897152355,45.38795471191406,25.180870056152344,51.9051312464923
54,20200302_150447_103e_9_23_2,20200302_150447_103e,2020-03-02 15:04:47,0.6339802742004395,-12.036448148865599,-77.16792511961022,[ 99.859085 235.49097  107.892654 254.82413 ],1397.8285610340536,57.99948120117188,24.1007080078125,62.807515044641974
55,20200302_150447_103e_9_23_3,20200302_150447_103e,2020-03-02 15:04:47,0.5948809981346129,-12.031703970565033,-77.16443988098194,[225.3768   61.82914 232.68268  76.52482],966.2834805138408,44.0870361328125,21.917633056640625,49.23463611911294
56,20200302_150447_103e_10_23_0,20200302_150447_103e,2020-03-02 15:04:47,0.8815798759460449,-12.042079012071454,-77.16896928772267,[ 63.739853 140.93123   71.47545  167.3571  ],1839.7788129374383,79.27761840820312,23.206787109375,82.60445356284684
57,20200302_150447_103e_10_23_1,20200302_150447_103e,2020-03-02 15:04:47,0.8066413402557373,-12.04073741055939,-77.16842784233347,[ 82.48957   95.302956  91.25791  113.70823 ],1452.4534339606762,55.2158203125,26.30502319335937,61.161597902486676
58,20200302_150447_103e_10_23_2,20200302_150447_103e,2020-03-02 15:04:47,0.7711504101753235,-12.043516333505965,-77.16503323385794,[207.13258 197.42812 214.71266 214.63136],1173.617611169815,51.6097412109375,22.740234375,56.39755001141337
59,20200302_150447_103e_10_23_3,20200302_150447_103e,2020-03-02 15:04:47,0.716103732585907,-12.03923505381045,-77.16549367604416,[190.43839   35.556602 195.4834    60.94805 ],1152.9018092388287,76.17434692382812,15.135040283203125,77.66337987524045
60,20200302_150447_103e_10_23_4,20200302_150447_103e,2020-03-02 15:04:47,0.5765362977981567,-12.042596627514426,-77.1643190944437,[232.64667 165.05318 240.51633 178.75313],970.3255486115812,41.099853515625,23.60897827148437,47.398120363884196
61,20200302_150447_103e_10_23_5,20200302_150447_103e,2020-03-02 15:04:47,0.5210884809494019,-12.042145469766462,-77.16797649703783,[ 99.26198 149.24234 108.07782 163.37894],1121.6339833382517,42.4097900390625,26.447525024414066,49.980614952943235
62,20200302_150447_103e_10_24_0,20200302_150447_103e,2020-03-02 15:04:47,0.8942351341247559,-12.03939716096212,-77.15976614621094,[ 97.21768   42.795376 106.67267   62.39172 ],1667.5485239708796,58.78903198242188,28.364959716796875,65.2742002721269
63,20200302_150447_103e_10_24_1,20200302_150447_103e,2020-03-02 15:04:47,0.6079912781715393,-12.041906740550106,-77.15797533131682,[164.78435 138.92021 170.59145 150.36858],598.3359987102449,34.3450927734375,17.421295166015625,38.51086759445271
64,20200302_150447_103e_10_24_2,20200302_150447_103e,2020-03-02 15:04:47,0.5839637517929077,-12.042508197514136,-77.1587843121702,[134.51723 156.34799 142.46834 177.77036],1532.9842641055584,64.26708984375,23.85333251953125,68.5510051660219
65,20200302_150447_103e_10_24_3,20200302_150447_103e,2020-03-02 15:04:47,0.5658071637153625,-12.04287717122035,-77.16195175747855,[ 19.595455 171.57614   27.620193 191.57047 ],1444.042940919986,59.98297119140625,24.07421493530273,64.63377335186478
66,20200302_150447_103e_10_24_4,20200302_150447_103e,2020-03-02 15:04:47,0.5174856781959534,-12.045247887695329,-77.16248673780166,[  1.1851959 265.44717     8.564143  272.88657  ],494.0539367625607,22.31817626953125,22.136841773986816,31.434706229331866
67,20200302_150447_103e_10_24_5,20200302_150447_103e,2020-03-02 15:04:47,0.5090887546539307,-12.043712813412034,-77.16140233115995,[ 39.560444 203.47623   48.03378  220.99915 ],1336.2980849628802,52.56875610351562,25.420005798339844,58.3922153463845
70,20200302_150447_103e_10_25_2,20200302_150447_103e,2020-03-02 15:04:47,0.8099391460418701,-12.043982425302179,-77.14623909118629,[291.72464 206.1399  299.      229.58392],1535.0738954488183,70.33209228515625,21.826080322265625,73.64089208749257
72,20200302_150447_103e_10_26_1,20200302_150447_103e,2020-03-02 15:04:47,0.979389488697052,-12.042886255698724,-77.14123806407419,[160.70085 165.84758 194.50575 186.17967],6185.919323919341,101.41470336914062,60.99627685546875,118.34478378737178
75,20200302_150447_103e_10_26_4,20200302_150447_103e,2020-03-02 15:04:47,0.7862702012062073,-12.044186820322773,-77.1421726324442,[133.77168 213.54706 154.3267  234.94751],3958.9810220059007,64.20135498046875,61.66506958007813,89.01906979767895
76,20200302_150447_103e_10_26_5,20200302_150447_103e,2020-03-02 15:04:47,0.5934135317802429,-12.044115237266505,-77.1419567780622,[143.62155 210.09723 160.10828 232.9946 ],3397.523660243489,68.69210815429689,49.46017456054688,84.64581850417296
77,20200302_150447_103e_10_26_6,20200302_150447_103e,2020-03-02 15:04:47,0.5798718333244324,-12.044082497407313,-77.1422666877479,[133.76328 210.6416  147.44592 230.21075],2409.8204167876393,58.70745849609375,41.047943115234375,71.63448413342618
80,20200302_150447_103e_11_24_0,20200302_150447_103e,2020-03-02 15:04:47,0.9036354422569276,-12.046328365883667,-77.15549400245594,[253.62639     1.2129188 264.47733    14.829891 ],1329.8121312326111,40.85091590881348,32.552810668945305,52.23488119099295
81,20200302_150447_103e_11_24_1,20200302_150447_103e,2020-03-02 15:04:47,0.6847485899925232,-12.04957410358753,-77.15479807937184,[277.81097 118.47756 292.7024  136.59634],2428.3292880677623,54.356346130371094,44.67425537109375,70.35908937448244
82,20200302_150447_103e_11_25_0,20200302_150447_103e,2020-03-02 15:04:47,0.96757310628891,-12.053935867861847,-77.14649249889443,[279.06998 273.2462  299.      298.85233],4592.978701354936,76.81842041015625,59.79006958007813,97.34434824221741
87,20200302_150447_103e_12_24_0,20200302_150447_103e,2020-03-02 15:04:47,0.7348343729972839,-12.056874091297177,-77.15638856056366,[226.0226   91.42038 233.24544 105.05896],886.5834723394362,40.91574096679688,21.66851806640625,46.299271420360334
88,20200302_150447_103e_12_24_1,20200302_150447_103e,2020-03-02 15:04:47,0.693601131439209,-12.060564458686613,-77.15831743571037,[156.87073 227.8178  164.49518 241.9912 ],972.5795641802252,42.52020263671875,22.87335205078125,48.28206567978014
89,20200302_150447_103e_12_24_2,20200302_150447_103e,2020-03-02 15:04:47,0.6880790591239929,-12.060297855653767,-77.15714348235163,[197.85051 218.63927 208.59407 230.8322 ],1178.9595679286867,36.57879638671875,32.230682373046875,48.75269460587038
90,20200302_150447_103e_12_24_3,20200302_150447_103e,2020-03-02 15:04:47,0.6775623559951782,-12.061742007206455,-77.15947393448826,[113.23879 273.4332  124.8453  283.90158],1093.5122660771012,34.81951904296875,31.4051513671875,46.89011024490796
91,20200302_150447_103e_12_24_4,20200302_150447_103e,2020-03-02 15:04:47,0.579858124256134,-12.061902152805743,-77.16190594616897,[ 26.381058 279.41846   35.22343  291.12195 ],931.3797010690904,35.1104736328125,26.527118682861328,44.00492454640767
92,20200302_150447_103e_12_24_5,20200302_150447_103e,2020-03-02 15:04:47,0.5498131513595581,-12.059858571085124,-77.15536951004096,[262.62024 204.45837 272.36664 211.59515],626.0211254842579,29.23919677734375,21.41033935546875,36.23994011447264
93,20200302_150447_103e_12_25_0,20200302_150447_103e,2020-03-02 15:04:47,0.80443274974823,-12.054798614033942,-77.14743933877837,[246.87172     6.4269705 262.95123    31.85159  ],3679.3393729960662,76.27385330200195,48.23854064941406,90.24775621321832
95,20200302_150447_103e_13_24_0,20200302_150447_103e,2020-03-02 15:04:47,0.7556470036506653,-12.06415264051627,-77.15618726141193,[232.56795   61.012085 245.53923   74.26906 ],1547.6395627870224,39.77091979980469,38.91384887695313,55.64183404724221
101,20200302_150448_103e_6_23_0,20200302_150448_103e,2020-03-02 15:04:48,0.5379860401153564,-12.073836545361507,-77.18242880908052,[66.027725 16.709341 78.54805  26.020178],1049.1722993692385,37.56097412109375,27.93251037597656,46.808673478635484
117,20200303_141753_1_0f32_4_5_0,20200303_141753_1_0f32,2020-03-03 14:17:53,0.5463581085205078,-12.039039186602096,-77.17345371917176,[ 40.282753 257.34183   51.545525 267.28116 ],1007.4997403081506,33.788314819335945,29.8179931640625,45.06398711457559
118,20200303_141753_1_0f32_4_6_0,20200303_141753_1_0f32,2020-03-03 14:17:53,0.8340440392494202,-12.038916647839125,-77.16000949529152,[231.7336  243.60771 238.20842 264.27234],1204.1982236928309,61.99388122558594,19.424468994140625,64.96577025723921
119,20200303_141753_1_0f32_4_8_0,20200303_141753_1_0f32,2020-03-03 14:17:53,0.8168590068817139,-12.039251205377276,-77.14407273595694,[201.02777 250.49384 230.26501 272.9956 ],5921.00759403035,87.71173095703125,67.50531005859375,110.6811394664218
121,20200303_141753_1_0f32_5_5_0,20200303_141753_1_0f32,2020-03-03 14:17:53,0.8979406356811523,-12.042045062415696,-77.16899038737094,[199.92354   63.437977 217.73994   82.35808 ],3033.793877944351,56.76030349731445,53.44921875,77.96506293265335
122,20200303_141753_1_0f32_5_5_1,20200303_141753_1_0f32,2020-03-03 14:17:53,0.5895398259162903,-12.0421859508501,-77.16808120335477,[237.70578  70.87382 246.05496  84.79369],1045.976226833649,41.75962829589844,25.04754638671875,48.69544265541108
126,20200303_141753_1_0f32_5_8_1,20200303_141753_1_0f32,2020-03-03 14:17:53,0.9513034224510192,-12.040431957998564,-77.14362424286345,[217.09889     1.3842454 247.43855    10.950733 ],2612.196067950572,91.01898193359376,28.699464797973643,95.43644142526477
130,20200303_141753_1_0f32_5_8_5,20200303_141753_1_0f32,2020-03-03 14:17:53,0.8586315512657166,-12.040615970803266,-77.14221450617575,[273.56635     2.8607283 293.43597    22.249218 ],3467.1786921322346,59.60888671875,58.16546630859375,83.28529790272066
131,20200303_141753_1_0f32_5_8_6,20200303_141753_1_0f32,2020-03-03 14:17:53,0.8261921405792236,-12.044065037717939,-77.14210449973315,[279.78937 127.12715 297.18585 152.34535],3948.3723074197774,75.65460205078125,52.189453125,91.90950891473986
134,20200303_141753_1_0f32_5_9_1,20200303_141753_1_0f32,2020-03-03 14:17:53,0.524980366230011,-12.044996489003664,-77.14114649720139,[ 18.34483  158.77997   30.724644 188.85944 ],3351.403986339457,90.2384033203125,37.139442443847656,97.58231201831231
135,20200303_141753_1_0f32_6_7_0,20200303_141753_1_0f32,2020-03-03 14:17:53,0.6197329163551331,-12.049513771056215,-77.15485104890223,[121.90232   39.600826 130.73015   51.052746],909.8601286505583,34.355758666992195,26.483482360839844,43.37848535324308
137,20200303_141753_1_0f32_6_8_1,20200303_141753_1_0f32,2020-03-03 14:17:53,0.8086364865303041,-12.05155794402925,-77.14539126522028,[146.77756  111.408936 195.8754   124.65282 ],5852.213575710543,147.29351806640625,39.73164367675781,152.55813309566813
143,20200303_141753_1_0f32_7_3_0,20200303_141753_1_0f32,2020-03-03 14:17:53,0.6473410725593567,-12.058609367951279,-77.18766986495115,[128.38858  82.61717 138.70905  99.86406],1601.9630756545812,51.74066162109375,30.961395263671875,60.29679976302098
144,20200303_141753_1_0f32_7_6_0,20200303_141753_1_0f32,2020-03-03 14:17:53,0.5045934319496155,-12.061735369491089,-77.15941257238116,[259.7905  192.8551  266.74484 203.95493],694.7280573472383,33.299468994140625,20.863037109375,39.295304461460674
145,20200303_141753_1_0f32_7_7_0,20200303_141753_1_0f32,2020-03-03 14:17:53,0.9253957867622375,-12.064167045762474,-77.15621969331322,[ 73.768585 278.51166   87.99231  295.85065 ],2219.6250357739627,52.0169677734375,42.67117309570313,67.27996692706006
146,20200303_141753_1_0f32_7_7_1,20200303_141753_1_0f32,2020-03-03 14:17:53,0.7813730835914612,-12.060237123547394,-77.15700833294919,[ 45.750614 133.47562   56.471073 151.4386  ],1733.1427230611444,53.88894653320313,32.161376953125,62.75645565182459
147,20200303_141753_1_0f32_7_7_2,20200303_141753_1_0f32,2020-03-03 14:17:53,0.5816081762313843,-12.057761343762591,-77.15535848534455,[106.858635  44.85321  113.71226   56.487946],717.6607341771014,34.904205322265625,20.560867309570312,40.50991006779246
148,20200303_141753_1_0f32_8_4_0,20200303_141753_1_0f32,2020-03-03 14:17:53,0.7584381699562073,-12.064790520620225,-77.1767908631225,[227.75966    4.04924  234.83391   30.114807],1659.5488653858195,78.19670104980469,21.22274780273437,81.02548413536937
150,20200303_141753_1_0f32_8_6_0,20200303_141753_1_0f32,2020-03-03 14:17:53,0.917885422706604,-12.067868530015915,-77.16150266697325,[182.65907 112.61981 195.69713 139.81293],3190.908091194928,81.579345703125,39.114166259765625,90.47158475204559
151,20200303_141753_1_0f32_8_8_0,20200303_141753_1_0f32,2020-03-03 14:17:53,0.6033768057823181,-12.070136394135833,-77.14600352201295,[150.49669 193.68997 158.43361 217.18771],1678.4972995352,70.49322509765625,23.810760498046875,74.4059614558147
156,20200303_141753_1_0f32_11_3_0,20200303_141753_1_0f32,2020-03-03 14:17:53,0.8169870972633362,-12.095631310332772,-77.18496880837209,[238.82329 247.75385 246.1876  272.2115 ],1621.0248391404748,73.3729248046875,22.09295654296875,76.6269197032207
209,20200303_141754_0f32_11_3_1,20200303_141754_0f32,2020-03-03 14:17:54,0.8757303357124329,-12.03557830450449,-77.19689381325824,[221.47206 248.5265  230.30974 276.3375 ],2212.0608711973764,83.43296813964844,26.51303100585937,87.54428014273263
210,20200303_141754_0f32_11_4_0,20200303_141754_0f32,2020-03-03 14:17:54,0.9859985113143921,-12.032281964363325,-77.1873213772752,[262.4535  122.93908 284.466   153.21164],5997.375892542768,90.81768035888672,66.03753662109375,112.28894562133539
211,20200303_141754_0f32_11_7_0,20200303_141754_0f32,2020-03-03 14:17:54,0.629540741443634,-12.035503871588464,-77.16655847452415,[126.80268 239.38948 135.6326  262.48566],1835.4360542778159,69.28852844238281,26.48975372314453,74.17956070255298
212,20200303_141754_0f32_11_7_1,20200303_141754_0f32,2020-03-03 14:17:54,0.6075530648231506,-12.035040624053225,-77.16979563943514,[  7.495487 225.62325   19.616047 243.93492 ],1997.5298609999008,54.93502807617188,36.36167907714844,65.87889658334699
214,20200303_150748_1011_5_25_0,20200303_150748_1011,2020-03-03 15:07:48,0.8606071472167969,-12.051394556555069,-77.22006417011991,[147.1218  142.24979 155.63403 172.90564],2348.5491477800533,91.96755981445312,25.53671264648437,95.4471358973863
267,20200304_145618_0e3a_9_19_0,20200304_145618_0e3a,2020-03-04 14:56:18,0.9936531782150269,-12.033460117631511,-77.18688091414776,[ 64.13024   73.970604  81.46436  108.83579 ],5439.2168016463975,104.59556579589844,52.00236511230469,116.80958163368946
268,20200304_145618_0e3a_9_21_0,20200304_145618_0e3a,2020-03-04 14:56:18,0.997455894947052,-12.033530139780266,-77.16681253580617,[192.2136   73.0201  214.62546 103.40359],6128.554915979505,91.15045166015624,67.235595703125,113.26530875517251
269,20200304_145618_0e3a_9_21_1,20200304_145618_0e3a,2020-03-04 14:56:18,0.9923802614212036,-12.036274760646329,-77.16621097992068,[218.18658 176.06714 233.92914 202.4754 ],3741.60165258497,79.22479248046875,47.2276611328125,92.23350649112884
270,20200304_145618_0e3a_9_21_2,20200304_145618_0e3a,2020-03-04 14:56:18,0.9552199840545654,-12.036083441356721,-77.16951363634831,[100.30088  175.1851   111.894905 191.13731 ],1664.5527898091825,47.85662841796875,34.78207397460937,59.16121663311812
271,20200304_145618_0e3a_9_21_3,20200304_145618_0e3a,2020-03-04 14:56:18,0.8308646678924559,-12.037905142184222,-77.16741781729338,[174.74884 234.97688 190.6868  264.52606],4238.582112744915,88.64753723144531,47.81387329101562,100.72016846833498
272,20200304_145618_0e3a_10_21_0,20200304_145618_0e3a,2020-03-04 14:56:18,0.9743839502334596,-12.042758603884854,-77.16873358384521,[129.81454  118.063934 142.91113  142.22095 ],2847.3700413079932,72.47103881835938,39.28976440429688,82.43626055539701
273,20200304_145618_0e3a_10_21_1,20200304_145618_0e3a,2020-03-04 14:56:18,0.8384675383567809,-12.04273341095951,-77.16776548095515,[167.49338 119.36066 175.51065 138.51053],1381.7677443567663,57.44961547851562,24.05181884765625,62.281203492785636
274,20200304_145618_0e3a_10_21_2,20200304_145618_0e3a,2020-03-04 14:56:18,0.8133291602134705,-12.041393267195845,-77.16832873494104,[146.66197  70.52608 154.6638   88.80914],1316.6820329446346,54.84919738769531,24.0054931640625,59.87234884422202
275,20200304_145618_0e3a_10_21_3,20200304_145618_0e3a,2020-03-04 14:56:18,0.7360901832580566,-12.041934611988445,-77.16725427991393,[185.7942   90.60802 193.86238 108.04472],1266.1417975388467,52.31011962890625,24.20452880859375,57.638596707731594
276,20200304_145618_0e3a_10_21_4,20200304_145618_0e3a,2020-03-04 14:56:18,0.5972763895988464,-12.044121762383616,-77.16489879128049,[272.55145 171.1588  279.40778 187.48454],1007.411241106689,48.97723388671875,20.5689697265625,53.12110649079701
277,20200304_145618_0e3a_10_21_5,20200304_145618_0e3a,2020-03-04 14:56:18,0.5679764151573181,-12.042777466409152,-77.16515499039427,[262.34296 121.36781 270.23175 138.25716],1199.128939770162,50.66802978515625,23.6663818359375,55.92268655486674
278,20200304_145618_0e3a_10_21_6,20200304_145618_0e3a,2020-03-04 14:56:18,0.5563827157020569,-12.04208285430785,-77.16601662968206,[230.88152  95.3905  238.72615 113.48837],1277.7406524745747,54.29360961914063,23.533905029296875,59.17466291753258
279,20200304_145618_0e3a_10_21_7,20200304_145618_0e3a,2020-03-04 14:56:18,0.5269506573677063,-12.039795657893489,-77.16628243494388,[220.05188   15.039607 228.9245    25.271122],817.0230618701898,30.69454479217529,26.61785888671875,40.6283828340746
280,20200304_145618_0e3a_10_22_0,20200304_145618_0e3a,2020-03-04 14:56:18,0.65345698595047,-12.039602188573447,-77.15977143462305,[157.20496     2.4324656 166.42038    19.881935 ],1447.2383594240528,52.348411560058594,27.646270751953125,59.2002743182122
281,20200304_145618_0e3a_10_22_1,20200304_145618_0e3a,2020-03-04 14:56:18,0.5412867665290833,-12.044254620736844,-77.16130883261759,[103.89457  175.24277  110.803185 191.14673 ],988.8691190849057,47.71188354492188,20.725845336914066,52.01907819573382
283,20200304_145618_0e3a_10_23_1,20200304_145618_0e3a,2020-03-04 14:56:18,0.8325638771057129,-12.040763461322674,-77.1542281241255,[60.941853 38.438343 67.85212  66.37727 ],1737.589194634275,83.81679153442383,20.73080062866211,86.3424613839008
284,20200304_145618_0e3a_10_23_2,20200304_145618_0e3a,2020-03-04 14:56:18,0.6567330956459045,-12.04345650168535,-77.15128773770445,[168.0341  134.92043 175.81502 166.8777 ],2237.911391593516,95.871826171875,23.342742919921875,98.67264413481469
285,20200304_145618_0e3a_10_23_3,20200304_145618_0e3a,2020-03-04 14:56:18,0.6457502841949463,-12.043896100416198,-77.15217121226209,[136.50726 151.30928 143.4487  183.41951],2006.020148511976,96.3306884765625,20.82431030273437,98.55583920779682
286,20200304_145618_0e3a_10_23_4,20200304_145618_0e3a,2020-03-04 14:56:18,0.5934662818908691,-12.044545394593143,-77.1513936143872,[165.25836 178.60089 171.5329  203.58154],1410.6780241951346,74.94195556640625,18.8236083984375,77.26981905799272
295,20200304_145618_0e3a_11_23_1,20200304_145618_0e3a,2020-03-04 14:56:18,0.5805363655090332,-12.049528964928589,-77.15482751646594,[40.411335 69.219215 49.93855  84.54174 ],1313.8287812870697,45.96757507324219,28.581642150878906,54.128811423816195
300,20200304_145618_0e3a_12_22_0,20200304_145618_0e3a,2020-03-04 14:56:18,0.7079111337661743,-12.060976405267393,-77.15673184736595,[274.45676 190.96692 282.26797 210.32394],1360.8175348509105,58.07107543945313,23.43365478515625,62.62097076287251
302,20200304_145619_0e3a_4_20_0,20200304_145619_0e3a,2020-03-04 14:56:19,0.8118041753768921,-12.058579106130875,-77.18771809083617,[165.63864 103.97836 183.9397  132.29845],4664.586902589072,84.96025085449219,54.90316772460938,101.15632482180652
305,20200304_145619_0e3a_5_23_0,20200304_145619_0e3a,2020-03-04 14:56:19,0.5411120057106018,-12.069326746653054,-77.16665306669306,[ 39.399582 185.8364    51.87773  233.11957 ],5310.058433096856,141.84951782226562,37.4344482421875,146.70590861177428
310,20200304_145619_0e3a_7_19_0,20200304_145619_0e3a,2020-03-04 14:56:19,0.761434018611908,-12.082168600337855,-77.2002732051277,[ 21.222513  80.23712   28.76137  109.50978 ],1986.141402316396,87.81797790527344,22.61656951904297,90.68355121068427
357,20200305_150718_1032_11_17_0,20200305_150718_1032,2020-03-05 15:07:18,0.9817615151405334,-12.032332191277394,-77.1869046769669,[264.9856    64.609695 276.22113   99.00528 ],3478.0749988770112,103.18675231933594,33.70660400390625,108.55248043084106
358,20200305_150718_1032_11_20_0,20200305_150718_1032,2020-03-05 15:07:18,0.9887562394142152,-12.032886210502081,-77.16633128275784,[104.436714  88.77464  136.97221  103.87248 ],4420.941713094247,97.60649871826172,45.29351806640625,107.60358437742627
359,20200305_150718_1032_11_20_1,20200305_150718_1032,2020-03-05 15:07:18,0.9333090782165528,-12.035897691506925,-77.16590220463391,[124.316986 202.14073  149.99976  212.40959 ],2373.5948735196143,77.04830932617188,30.80657958984375,82.97883655515328
360,20200305_150718_1032_11_20_2,20200305_150718_1032,2020-03-05 15:07:18,0.6554171442985535,-12.032172080055359,-77.163861524464,[203.0335    65.42199  217.2935    73.132286],989.5401472672819,42.780029296875,23.130889892578125,48.63300292871145
361,20200305_150718_1032_11_21_0,20200305_150718_1032,2020-03-05 15:07:18,0.9779484272003174,-12.033481606388905,-77.15502862274667,[228.12965  99.26882 236.32549 130.84352],2329.0281864793506,94.7240982055664,24.58749389648437,97.86316792832451
362,20200305_150718_1032_12_20_0,20200305_150718_1032,2020-03-05 15:07:18,0.7216869592666626,-12.04027879134338,-77.16543046198144,[152.31914   61.20128  158.79988   78.260895],995.030950629618,51.17884826660156,19.44223022460937,54.747372777171144
363,20200305_150718_1032_12_20_1,20200305_150718_1032,2020-03-05 15:07:18,0.6362220644950867,-12.039777424504758,-77.16620448761493,[122.93164   46.176125 131.69386   56.74492 ],833.455121044186,31.706382751464844,26.28666687011719,41.18596317099922
364,20200305_150718_1032_12_20_2,20200305_150718_1032,2020-03-05 15:07:18,0.5366955995559692,-12.042277835687392,-77.16858553632338,[ 34.73489  138.28493   48.460186 150.44997 ],1502.7188601046805,41.17588806152344,36.4951171875,55.02133528172927
365,20200305_150718_1032_12_21_0,20200305_150718_1032,2020-03-05 15:07:18,0.9363300204277042,-12.039159823176815,-77.15965399010155,[56.70815  23.340164 75.188095 30.275162],1153.4254320545588,55.43983840942383,20.80499267578125,59.21506061047592
367,20200305_150718_1032_12_22_1,20200305_150718_1032,2020-03-05 15:07:18,0.6600263714790344,-12.043487446065907,-77.15128621652515,[ 68.39839 170.76459  75.57907 197.31534],1715.8718407410197,79.65225219726562,21.542037963867188,82.51388173958065
368,20200305_150718_1032_12_22_2,20200305_150718_1032,2020-03-05 15:07:18,0.6592137217521667,-12.044613412783587,-77.15143523413767,[ 63.95963  216.41156   69.849045 234.81204 ],975.3128044103504,55.20144653320313,17.66824722290039,57.9600436446317
369,20200305_150718_1032_12_22_3,20200305_150718_1032,2020-03-05 15:07:18,0.5758638381958008,-12.040986541486438,-77.14717965105025,[212.79257   84.077255 227.91138   97.1848  ],1783.533600378781,45.35641479492188,39.3226318359375,60.02894083318224
372,20200305_150718_1032_13_22_0,20200305_150718_1032,2020-03-05 15:07:18,0.8623408079147339,-12.05073366196692,-77.14569034434798,[256.62933 144.67535 297.83313 156.75186],4478.381630184129,123.61138916015624,36.22952270507813,128.81131101553683
374,20200305_150718_1032_13_22_2,20200305_150718_1032,2020-03-05 15:07:18,0.6811316609382629,-12.047273151321276,-77.14563536748278,[266.96964   14.097485 289.488     32.028816],3634.059498361079,67.55511474609375,53.79399490356445,86.35674505238494
377,20200305_150719_1032_6_19_0,20200305_150719_1032,2020-03-05 15:07:19,0.9099151492118835,-12.058595131571467,-77.18766014994026,[120.75048   28.445007 135.04413   52.9804  ],3156.302357390465,73.6061782836914,42.880943298339844,85.18594238303642
378,20200305_150719_1032_6_23_0,20200305_150719_1032,2020-03-05 15:07:19,0.7709261775016785,-12.060429468376086,-77.15665891697516,[ 53.297188  92.470955  62.405083 106.432335],1144.429035371868,41.88414001464844,27.32368469238281,50.008648551379885
399,20200310_150449_1003_6_15_0,20200310_150449_1003,2020-03-10 15:04:49,0.9556558132171632,-12.032308863593867,-77.18720897139055,[ 0.85030746 39.218296   18.247082   70.851746  ],4952.8798377819485,94.90034866333008,52.19032287597656,108.30469047239042
400,20200310_150449_1003_6_17_0,20200310_150449_1003,2020-03-10 15:04:49,0.9952321648597716,-12.032043680206478,-77.1675385365847,[116.0171    23.544256 135.24075   55.643112],5553.5158703782945,96.29656219482422,57.67096710205078,112.24512611702778
401,20200310_150449_1003_6_17_1,20200310_150449_1003,2020-03-10 15:04:49,0.9384071230888368,-12.038357592899516,-77.17001423036838,[ 33.095333 259.54013   42.07755  286.82797 ],2205.947573600337,81.863525390625,26.94664764404297,86.18444528239252
402,20200310_150449_1003_6_17_2,20200310_150449_1003,2020-03-10 15:04:49,0.8350898623466492,-12.03544843144031,-77.16651680543244,[159.72594 151.09604 167.70271 178.66556],1979.242931032553,82.70855712890625,23.930328369140625,86.10090614041437
403,20200310_150449_1003_6_18_0,20200310_150449_1003,2020-03-10 15:04:49,0.8765469789505005,-12.038435469658134,-77.16005908260803,[ 96.40572 261.41483 103.65653 284.99844],1539.0027372110635,70.7508544921875,21.752426147460934,74.01926407818056
404,20200310_150449_1003_6_18_1,20200310_150449_1003,2020-03-10 15:04:49,0.7961437702178955,-12.031357325160485,-77.16183319736069,[30.203657   2.0583239 36.93059   23.234295 ],1282.0443758718175,63.527915954589844,20.180803298950195,66.65628948062103
405,20200310_150449_1003_6_18_2,20200310_150449_1003,2020-03-10 15:04:49,0.5967592597007751,-12.031398966859458,-77.16178007972051,[31.988548  4.32191  39.02684  24.01215 ],1247.2708494852413,59.070716857910156,21.11487579345703,62.73107339971562
406,20200310_150449_1003_7_17_0,20200310_150449_1003,2020-03-10 15:04:49,0.7876416444778442,-12.041200035412945,-77.17001600463081,[34.70783  68.638145 41.993534 89.41093 ],1362.0993198500944,62.31834411621094,21.85711669921875,66.04021171823838
407,20200310_150449_1003_7_17_1,20200310_150449_1003,2020-03-10 15:04:49,0.6688708066940308,-12.040756230096596,-77.16847110487709,[91.12646  53.144505 97.490715 71.27976 ],1038.7571006901562,54.4057731628418,19.0927734375,57.65866934800267
410,20200310_150449_1003_7_20_1,20200310_150449_1003,2020-03-10 15:04:49,0.6981197595596313,-12.042888729749405,-77.14122124282156,[171.22379 123.39456 203.2056  142.80566],5587.219935525209,95.9454345703125,58.23330688476562,112.23477378077352
411,20200310_150449_1003_8_18_0,20200310_150449_1003,2020-03-10 15:04:49,0.6540774703025818,-12.049492073924847,-77.15483900471952,[287.7382    76.135414 297.7562    86.91076 ],971.527163120918,32.326034545898445,30.05401611328125,44.13860435038685
412,20200310_150449_1003_8_20_0,20200310_150449_1003,2020-03-10 15:04:49,0.6708813309669495,-12.049093597642452,-77.14504270371708,[29.600973 59.761654 70.93801  68.316055],3182.522397043649,124.0111083984375,25.663204193115234,126.6386791453012
413,20200310_150449_1003_8_20_1,20200310_150449_1003,2020-03-10 15:04:49,0.6667020320892334,-12.050751055867712,-77.14527778492237,[ 16.422413 119.84793   68.00433  130.62808 ],5004.548209211323,154.74576187133792,32.3404541015625,158.08907548795423
414,20200310_150449_1003_9_17_0,20200310_150449_1003,2020-03-10 15:04:49,0.6452720165252686,-12.061683620050651,-77.16514852027571,[208.55685 229.85796 233.49747 240.42043],2370.9101534876972,74.82183837890625,31.687408447265625,81.25514969836071
415,20200310_150449_1003_10_18_0,20200310_150449_1003,2020-03-10 15:04:49,0.6152973175048828,-12.06416921169496,-77.15617919230147,[242.66812   17.975285 254.03452   32.523655],1488.262591889128,43.645111083984375,34.09918212890625,55.38636965349557
426,20200311_141648_0f33_5_0_0,20200311_141648_0f33,2020-03-11 14:16:48,0.8343703746795654,-12.038453217341086,-77.16965495313886,[ 57.68183 248.98439  69.63402 262.23154],1424.9913115688835,39.74143981933594,35.85655975341797,53.52639457561413
427,20200311_141648_0f33_5_0_1,20200311_141648_0f33,2020-03-11 14:16:48,0.700290858745575,-12.035729089755907,-77.16611826747383,[179.40755 143.0275  203.1226  165.20926],4734.375974591821,71.14517211914062,66.5452880859375,97.41617361764195
428,20200311_141648_0f33_5_1_0,20200311_141648_0f33,2020-03-11 14:16:48,0.8280541896820068,-12.039018885738932,-77.16000378416612,[111.11793 262.62244 119.2981  284.79614],1632.4633192420004,66.5211181640625,24.54052734375,70.90343182178495
429,20200311_141648_0f33_5_3_0,20200311_141648_0f33,2020-03-11 14:16:48,0.5380343794822693,-12.037699814921849,-77.14317329125514,[122.37076 211.42322 133.33649 229.11597],1746.124981250614,53.0782470703125,32.897186279296875,62.44617824296292
432,20200311_141648_0f33_6_2_1,20200311_141648_0f33,2020-03-11 14:16:48,0.7237097024917603,-12.0434516189963,-77.15127597398525,[130.06137 123.04951 138.63907 148.38174],1955.6304705566727,75.99671173095703,25.73309326171875,80.23523093214412
435,20200311_141648_0f33_6_3_2,20200311_141648_0f33,2020-03-11 14:16:48,0.9443387389183044,-12.04290789496624,-77.14126913276637,[182.55534  103.05496  214.40788  122.586136],5599.057260677218,95.5576171875,58.59352111816406,112.09129725173821
436,20200311_141648_0f33_6_3_3,20200311_141648_0f33,2020-03-11 14:16:48,0.5707301497459412,-12.040263662271395,-77.14323984616355,[108.67853     6.1540623 143.6725     25.548447 ],6108.179032722692,104.98191833496094,58.18315315246582,120.02700732773312
438,20200311_141648_0f33_8_1_0,20200311_141648_0f33,2020-03-11 14:16:48,0.6833209991455078,-12.0607894326464,-77.15671004502605,[232.36052 171.62762 249.83861 185.85837],2238.5357188750063,52.43426513671875,42.692230224609375,67.61640837828323
439,20200311_141648_0f33_8_1_1,20200311_141648_0f33,2020-03-11 14:16:48,0.5557857155799866,-12.062240433650405,-77.15922297664122,[144.85666 226.10526 155.73755 239.85345],1346.3338011922315,41.24459838867188,32.64266967773437,52.599056835009065
440,20200311_141648_0f33_8_1_2,20200311_141648_0f33,2020-03-11 14:16:48,0.5556449294090271,-12.061151546726231,-77.16048968617919,[ 98.656456 187.3838   109.337074 198.9756  ],1114.2680190503597,34.775390625,32.041854858398445,47.28644896678127
441,20200311_141648_0f33_9_2_0,20200311_141648_0f33,2020-03-11 14:16:48,0.5003067851066589,-12.069091497615213,-77.15296504719257,[ 76.22717 174.0767   84.68463 195.68898],1645.0642061848193,64.83682250976561,25.37237548828125,69.62449993415525
444,20200311_141648_0f33_10_2_0,20200311_141648_0f33,2020-03-11 14:16:48,0.5047949552536011,-12.076001915094626,-77.15135053391721,[125.057846 133.51964  157.07478  147.08467 ],3908.797282093205,96.05081176757812,40.69509887695313,104.31610380864363
472,20200311_141649_0f33_12_1_0,20200311_141649_0f33,2020-03-11 14:16:49,0.8699280023574829,-12.032695748950136,-77.16644901675346,[271.1235  188.17336 297.62576 200.49135],2938.091729231179,79.50677490234375,36.9539794921875,87.67510396732342
473,20200311_141649_0f33_12_2_0,20200311_141649_0f33,2020-03-11 14:16:49,0.9036948680877686,-12.032377933863607,-77.1611100416148,[166.10472 175.09325 192.13142 187.0736 ],2806.2803109772503,78.08010864257812,35.9410400390625,85.95499825330867
474,20200311_141649_0f33_13_1_0,20200311_141649_0f33,2020-03-11 14:16:49,0.831778883934021,-12.038454744971824,-77.1696742815373,[163.56737  101.54161  174.34593  115.798096],1382.9799806065853,42.76945495605469,32.335693359375,53.617379106680694
486,20200311_150710_1011_5_1_0,20200311_150710_1011,2020-03-11 15:07:10,0.9824637770652772,-12.032585722154677,-77.16638792379375,[100.84079 156.7128  132.28053 171.80054],4269.191462744493,94.31922912597656,45.26321411132813,104.61775917408286
487,20200311_150710_1011_5_2_0,20200311_150710_1011,2020-03-11 15:07:10,0.8992747068405151,-12.032340972792456,-77.16103114683995,[  0.       144.92227   23.943367 162.47299 ],3782.0100176590495,71.8301010131836,52.65216064453125,89.060728899452
489,20200311_150710_1011_6_1_0,20200311_150710_1011,2020-03-11 15:07:10,0.6721063852310181,-12.040304573527234,-77.16922248887627,[  7.0221786 141.47969    24.77403   160.05803  ],2968.199264719442,55.73501586914063,53.25555610656738,77.08791247759343
490,20200311_150710_1011_6_2_0,20200311_150710_1011,2020-03-11 15:07:10,0.8548537492752075,-12.038870483843874,-77.15974518695174,[51.389465 90.601364 69.71712  99.722336],1504.4939517807215,54.98295593261719,27.3629150390625,61.41542609575445
492,20200311_150710_1011_6_3_1,20200311_150710_1011,2020-03-11 15:07:10,0.7679927349090576,-12.043425647923806,-77.1512759846832,[ 65.95004  245.42024   74.734604 276.0952  ],2425.195550004719,92.02491760253906,26.35368347167969,95.72409358296159
495,20200311_150710_1011_7_3_1,20200311_150710_1011,2020-03-11 15:07:10,0.5110809206962585,-12.046947814667439,-77.14539667784547,[270.6005   83.2248  299.       96.76705],3461.3392498693433,85.19851684570312,40.62675476074219,94.38919681349687
496,20200311_150710_1011_7_4_0,20200311_150710_1011,2020-03-11 15:07:10,0.8342236876487732,-12.046989407630546,-77.14457516987922,[ 0.      84.89218 31.27162 97.70155],3605.1282846055988,93.81485939025879,38.42811584472656,101.3802146860508
500,20200311_150710_1011_9_2_0,20200311_150710_1011,2020-03-11 15:07:10,0.5438622236251831,-12.0617609149775,-77.15932818678742,[77.602875 35.89126  87.074005 48.754913],1096.5001896838658,38.590965270996094,28.41339111328125,47.92268142647609
501,20200311_150710_1011_9_2_1,20200311_150710_1011,2020-03-11 15:07:10,0.5030586123466492,-12.064075858906202,-77.15626965719956,[188.6448  120.17893 199.43564 133.48534],1292.284604059998,39.919212341308594,32.37249755859375,51.39574021387028
509,20200311_150711_1011_0_2_0,20200311_150711_1011,2020-03-11 15:07:11,0.5335078239440918,-12.062894439960349,-77.17306318052925,[ 53.095947 255.59615   61.030792 282.54987 ],1924.8623128789482,80.86116027832031,23.80453491210937,84.29224830278311
551,20200312_145559_0e3a_12_15_0,20200312_145559_0e3a,2020-03-12 14:55:59,0.8977198004722595,-12.03136074611927,-77.1620789701252,[130.02473     1.8694363 139.26549    27.815971 ],2157.889740047569,77.83960533142091,27.72225952148437,82.62885592290324
559,20200312_145600_0e3a_4_16_0,20200312_145600_0e3a,2020-03-12 14:56:00,0.9369367361068726,-12.033401488512325,-77.16746365390567,[ 58.314693 121.23819   87.17082  142.06824 ],5409.670809899806,86.56838607788086,62.49014282226562,106.7665838082131
560,20200312_145600_0e3a_4_16_1,20200312_145600_0e3a,2020-03-12 14:56:00,0.871297299861908,-12.035750408228354,-77.16669885513402,[ 90.128586 208.32716  112.257    227.81474 ],3881.0637086480847,66.38525390625,58.46273803710938,88.45842907825663
561,20200312_145600_0e3a_4_16_2,20200312_145600_0e3a,2020-03-12 14:56:00,0.8617069721221924,-12.031410822373614,-77.16206134198283,[264.5164   45.76365 272.08292  67.60567],1487.4142386065796,65.52605438232422,22.6995849609375,69.34648484468504
563,20200312_145600_0e3a_5_15_0,20200312_145600_0e3a,2020-03-12 14:56:00,0.8951994776725769,-12.038620634928137,-77.17013526637747,[264.71875   16.646063 287.81903   35.195457],3856.4660105475923,69.30084228515625,55.64818382263184,88.87815875787214
564,20200312_145600_0e3a_5_15_1,20200312_145600_0e3a,2020-03-12 14:56:00,0.6126681566238403,-12.04130490677909,-77.16995012309374,[277.69522 115.56734 289.85092 134.18002],2036.2521766042335,55.83805847167969,36.46710205078125,66.69136605190221
565,20200312_145600_0e3a_5_16_0,20200312_145600_0e3a,2020-03-12 14:56:00,0.6151573657989502,-12.040124289338214,-77.16911779279738,[ 4.15709  71.37617  25.135998 90.802376],3667.8658616601024,62.93672561645508,58.27862548828125,85.77546047748329
566,20200312_145600_0e3a_5_16_1,20200312_145600_0e3a,2020-03-12 14:56:00,0.6014866232872009,-12.043437369597365,-77.16892935986992,[ 18.060421 196.76262   26.84581  209.70543 ],1023.3685838326346,38.82843017578125,26.35616683959961,46.928610893487246
567,20200312_145600_0e3a_5_17_0,20200312_145600_0e3a,2020-03-12 14:56:00,0.9173153042793274,-12.038542640818395,-77.16010398253728,[33.271526 11.664515 51.592747 28.680105],2805.7174814220343,54.963661193847656,51.04677200317383,75.01184562304867
570,20200312_145600_0e3a_6_12_0,20200312_145600_0e3a,2020-03-12 14:56:00,0.9187268018722534,-12.049518292371626,-77.20167331197192,[ 27.635996 121.61364   35.343678 154.36804 ],2272.1445421473622,98.2632064819336,23.12304496765137,100.94717904274069
572,20200312_145600_0e3a_6_18_1,20200312_145600_0e3a,2020-03-12 14:56:00,0.5398390293121338,-12.047264002345841,-77.14539919924604,[264.67776  29.37106 294.92203  47.94627],5056.141933249311,90.7327880859375,55.72563171386719,106.47903485549257
574,20200312_145600_0e3a_7_11_0,20200312_145600_0e3a,2020-03-12 14:56:00,0.6157107949256897,-12.055984173002491,-77.2053014066406,[195.4355   63.58429 205.9481   93.49609],2830.058507574722,89.73541259765625,31.537811279296875,95.11612804545898
575,20200312_145600_0e3a_7_17_0,20200312_145600_0e3a,2020-03-12 14:56:00,0.7119384407997131,-12.060263877009929,-77.15682168458157,[163.7064  213.70367 172.0822  231.07742],1309.6703821476551,52.12124633789063,25.12738037109375,57.86198721206095
576,20200312_145600_0e3a_7_17_1,20200312_145600_0e3a,2020-03-12 14:56:00,0.5898469090461731,-12.061735253674918,-77.15931862687226,[ 71.53861 269.25607  83.81744 285.49167],1794.1861780174074,48.706787109375,36.83647155761719,61.067804507228836
578,20200312_145600_0e3a_8_18_1,20200312_145600_0e3a,2020-03-12 14:56:00,0.5342792868614197,-12.069124289735765,-77.14700073039121,[210.76317 237.5422  245.18382 257.24338],6103.145037174225,103.261962890625,59.103515625,118.98007622816282
581,20200312_145600_0e3a_9_13_0,20200312_145600_0e3a,2020-03-12 14:56:00,0.9815945625305176,-12.07418035015483,-77.18823500076901,[222.90819 131.25409 232.33253 162.20212],2624.9846201995388,92.84408569335938,28.27304077148437,97.05353719830039
582,20200312_145600_0e3a_10_18_0,20200312_145600_0e3a,2020-03-12 14:56:00,0.7760449051856995,-12.082881081332598,-77.14623542778386,[253.90462 140.29012 265.56055 172.85216],3415.8678373186854,97.68612670898438,34.967788696289055,103.75608703932542
625,20200313_150636_1032_8_11_0,20200313_150636_1032,2020-03-13 15:06:36,0.8636780977249146,-12.032123191503274,-77.21755843881098,[119.94434   12.210968 127.265114  43.830032],2083.2831532792193,94.85719299316406,21.962310791015625,97.36647347944535
628,20200313_150636_1032_8_17_1,20200313_150636_1032,2020-03-13 15:06:36,0.9094832539558412,-12.038661157981368,-77.17019804899473,[ 39.575596 252.52315   62.42715  258.3437  ],1197.0757868728833,68.55466461181639,17.461624145507812,70.74355347194268
629,20200313_150636_1032_8_17_2,20200313_150636_1032,2020-03-13 15:06:36,0.8728430271148682,-12.035910057792304,-77.16674225405578,[162.86702 146.31897 188.46025 159.62473],3064.835517902858,76.77969360351562,39.91726684570313,86.53617476108363
630,20200313_150636_1032_8_17_3,20200313_150636_1032,2020-03-13 15:06:36,0.6377961039543152,-12.032312036924866,-77.16479542460071,[239.56386   13.705063 251.0324    25.707695],1238.8736099659,36.007896423339844,34.40560913085937,49.80275639459571
631,20200313_150636_1032_8_18_0,20200313_150636_1032,2020-03-13 15:06:36,0.9074345231056212,-12.038871454212108,-77.15992572288175,[120.79163 248.68651 129.20685 271.8119 ],1751.4454171870602,69.37614440917969,25.245643615722656,73.82676976988382
632,20200313_150636_1032_9_17_0,20200313_150636_1032,2020-03-13 15:06:36,0.7147548794746399,-12.041208809163273,-77.1712122276659,[ 7.920017 44.792175 21.929224 56.590904],1487.617500651293,42.02762031555176,35.39618682861328,54.94734671842013
633,20200313_150636_1032_9_17_1,20200313_150636_1032,2020-03-13 15:06:36,0.6732819676399231,-12.043356499529647,-77.16585224126125,[205.93098 119.72429 214.35414 137.01384],1310.693365484476,51.86865234375,25.26947021484375,57.696648263964846
634,20200313_150636_1032_9_17_2,20200313_150636_1032,2020-03-13 15:06:36,0.6169640421867371,-12.040878549231373,-77.16861846435278,[103.24479   32.440796 114.74395   43.091164],1102.2326174617046,34.497482299804695,31.95110321044922,47.02073246335191
635,20200313_150636_1032_9_17_3,20200313_150636_1032,2020-03-13 15:06:36,0.5672929883003235,-12.042525833077743,-77.16513791276832,[230.29048  88.363   241.37779 106.68987],1828.7617087690162,54.98062133789063,33.261932373046875,64.25904502783759
636,20200313_150636_1032_9_18_0,20200313_150636_1032,2020-03-13 15:06:36,0.5507991909980774,-12.041286482723413,-77.1614738486674,[65.13637  42.10728  73.85565  59.425472],1359.020081696799,51.95457458496094,26.15785217285156,58.167955530524054
637,20200313_150636_1032_9_18_1,20200313_150636_1032,2020-03-13 15:06:36,0.5195990204811096,-12.043858670051005,-77.16314027685657,[  5.9268503 137.67274    13.562497  154.55623  ],1160.246880461695,50.65045166015625,22.906940460205078,55.58953295922898
638,20200313_150636_1032_9_18_2,20200313_150636_1032,2020-03-13 15:06:36,0.5052949786186218,-12.046313550662862,-77.15551858765562,[280.83713 225.79688 293.47293 243.16708],1975.3788562025875,52.11062622070313,37.90740966796875,64.43980968973328
644,20200313_150636_1032_10_18_0,20200313_150636_1032,2020-03-13 15:06:36,0.6778589487075806,-12.051353541083724,-77.15739312481149,[214.6157  113.15914 226.5124  130.65942],1873.760159305064,52.50084686279297,35.690093994140625,63.48323976153888
649,20200313_150636_1032_11_17_0,20200313_150636_1032,2020-03-13 15:06:36,0.5866425633430481,-12.060242666217954,-77.16369489584056,[289.22504 148.77533 297.52875 156.3742 ],567.8898990154266,24.9111328125,22.796630859375,33.7676015811106
650,20200313_150636_1032_11_18_0,20200313_150636_1032,2020-03-13 15:06:36,0.8082679510116577,-12.060238911775086,-77.1569436245053,[235.45766 141.44127 243.46315 159.56789],1306.0126074291766,54.37985229492188,24.0164794921875,59.44711618586879
651,20200313_150636_1032_11_18_1,20200313_150636_1032,2020-03-13 15:06:36,0.6540430188179016,-12.060735689754562,-77.16049741311619,[106.53055 161.49072 114.66016 178.1965 ],1222.303009950556,50.11734008789063,24.388824462890625,55.736545786108614
652,20200313_150636_1032_12_17_0,20200313_150636_1032,2020-03-13 15:06:36,0.7157480120658875,-12.069132929940311,-77.16662025056237,[182.98576 164.40465 196.56096 200.23509],4377.647519946098,107.4913330078125,40.7255859375,114.94764034876549
653,20200313_150636_1032_12_19_0,20200313_150636_1032,2020-03-13 15:06:36,0.6317592263221741,-12.06872750599889,-77.15280799413313,[ 72.44663 157.99136 113.65638 168.83417],4021.462900520303,123.62924194335938,32.52841186523437,127.8369549150949
657,20200313_150637_1032_4_20_0,20200313_150637_1032,2020-03-13 15:06:37,0.5916963219642639,-12.068744229837986,-77.15290310598307,[243.68558   37.206253 275.52188   46.90722 ],2779.586064792238,95.5089111328125,29.10289764404297,99.84453293523445
661,20200313_150637_1032_5_14_0,20200313_150637_1032,2020-03-13 15:06:37,0.7042443752288818,-12.082128719882286,-77.20723719693765,[ 78.09954  239.98079   92.274864 264.89658 ],3178.7040330064483,74.74736022949219,42.525970458984375,85.9978256978389
685,20200314_141351_104e_5_5_0,20200314_141351_104e,2020-03-14 14:13:51,0.7746227979660034,-12.032186367039936,-77.1872943407913,[230.30043 272.08304 252.52611 299.     ],5384.229381834157,80.75088500976562,66.67703247070311,104.72121126572013
687,20200314_141351_104e_5_8_1,20200314_141351_104e,2020-03-14 14:13:51,0.9917926192283628,-12.032118584734675,-77.1675735032552,[ 53.558754 261.19525   67.2037   293.53766 ],3971.792796878144,97.0272216796875,40.93482971191406,105.3087936993992
688,20200314_141351_104e_5_8_2,20200314_141351_104e,2020-03-14 14:13:51,0.6040703654289246,-12.031350924192875,-77.16175729045437,[268.24985 236.02747 274.39243 258.7496 ],1256.1525401473045,68.16641235351561,18.427734375,70.61332145810083
689,20200314_141351_104e_6_7_0,20200314_141351_104e,2020-03-14 14:13:51,0.9312039017677308,-12.038425195598144,-77.17005176521859,[267.1718  198.5638  275.31506 224.81273],1923.764415783808,78.74679565429688,24.42974853515625,82.44919914293018
690,20200314_141351_104e_6_7_1,20200314_141351_104e,2020-03-14 14:13:51,0.8236544728279114,-12.04033206203992,-77.17127592362475,[221.79704 275.75333 232.91573 288.9908 ],1324.6508578564972,39.71246337890625,33.35604858398437,51.86237291869796
691,20200314_141351_104e_6_8_0,20200314_141351_104e,2020-03-14 14:13:51,0.6110537052154541,-12.036051810189464,-77.16414278955308,[181.4285  115.77878 190.73029 129.13335],1117.9923232854344,40.06370544433594,27.90536499023437,48.824275613353564
692,20200314_141351_104e_6_8_1,20200314_141351_104e,2020-03-14 14:13:51,0.5730177760124207,-12.035520004907019,-77.16648896748619,[ 96.55416  90.65974 104.93748 116.3657 ],1939.5109176510014,77.11788940429688,25.14994812011719,81.11528066041534
693,20200314_141351_104e_6_9_0,20200314_141351_104e,2020-03-14 14:13:51,0.720383882522583,-12.03849828755222,-77.15994462073694,[ 36.736073 203.429     43.673695 219.55278 ],1006.7461839616301,48.371337890625,20.8128662109375,52.65891880055455
694,20200314_141351_104e_6_10_0,20200314_141351_104e,2020-03-14 14:13:51,0.6200962066650391,-12.033140089890821,-77.1489620775256,[133.59201     2.3545666 143.16293    19.114313 ],1443.656171306502,50.27923965454102,28.7127685546875,57.90012969168396
695,20200314_141351_104e_7_10_0,20200314_141351_104e,2020-03-14 14:13:51,0.8390643000602722,-12.048034375048662,-77.14536647234506,[255.7596  254.16951 290.66074 265.9569 ],3702.542876585154,104.7034149169922,35.36219787597656,110.51375540582967
696,20200314_141351_104e_7_10_1,20200314_141351_104e,2020-03-14 14:13:51,0.8269624710083008,-12.043428907101088,-77.15125911762047,[ 53.12653   79.38556   62.784687 104.36072 ],2170.9261120380834,74.92547607421875,28.97447204589844,80.33272680101726
705,20200314_141351_104e_8_10_1,20200314_141351_104e,2020-03-14 14:13:51,0.5465074777603149,-12.049620097145786,-77.14548759180016,[246.06242   13.845217 292.4786    25.323095],4794.833858369559,139.24855041503906,34.43363571166992,143.44279020227424
706,20200314_141351_104e_8_10_2,20200314_141351_104e,2020-03-14 14:13:51,0.5084847807884216,-12.051768052068644,-77.14553033220598,[243.02708  93.25311 293.65005 104.38655],5072.469389336882,151.86891174316406,33.400314331054695,155.4983837583729
707,20200314_141351_104e_9_5_0,20200314_141351_104e,2020-03-14 14:13:51,0.8101305961608887,-12.058549626266116,-77.18769636589876,[229.73895   51.417976 239.39938   72.67156 ],1847.8691758937198,63.76075744628906,28.98129272460937,70.03820042029922
708,20200314_141351_104e_9_8_0,20200314_141351_104e,2020-03-14 14:13:51,0.7221617698669434,-12.062325191191885,-77.16615573008617,[114.44185 190.4525  126.85927 199.73082],1036.9151546359062,37.25225830078125,27.8349609375,46.50285796486359
757,20200314_150429_1003_9_15_0,20200314_150429_1003,2020-03-14 15:04:29,0.998089611530304,-12.032133936837544,-77.16765285606573,[218.43748 184.13731 238.57195 215.77354],5732.805880218744,94.90869140625,60.40338134765625,112.49990303407901
758,20200314_150429_1003_9_15_1,20200314_150429_1003,2020-03-14 15:04:29,0.5419995784759521,-12.034080740919876,-77.1678207706621,[217.91249 266.5048  228.03767 277.11295],966.6855420023204,31.824462890625,30.37554931640625,43.99398179922108
759,20200314_150429_1003_9_16_0,20200314_150429_1003,2020-03-14 15:04:29,0.9511592388153076,-12.031337707752767,-77.16166054474769,[143.0685  155.54611 150.59099 182.20074],1804.5832116035745,79.96389770507812,22.56747436523437,83.08739877631089
761,20200314_150429_1003_9_16_2,20200314_150429_1003,2020-03-14 15:04:29,0.5957944393157959,-12.031703433919567,-77.16432959519005,[ 46.836975 175.93166   53.230247 190.31963 ],827.8759017388803,43.163909912109375,19.17981719970703,47.23334104967456
762,20200314_150429_1003_10_15_0,20200314_150429_1003,2020-03-14 15:04:29,0.7945195436477661,-12.038348836109336,-77.16996886848638,[142.98982 117.40114 149.4717  144.29497],1568.9013698827475,80.68148803710938,19.44561767578125,82.99177404221987
763,20200314_150429_1003_10_15_1,20200314_150429_1003,2020-03-14 15:04:29,0.6714389324188232,-12.04026287275764,-77.17103286254725,[104.81032 191.1278  111.51071 212.37283],1281.150318831671,63.73507690429688,20.10118103027344,66.8297651260908
764,20200314_150429_1003_10_15_2,20200314_150429_1003,2020-03-14 15:04:29,0.6432331204414368,-12.041224571739585,-77.16989985051687,[145.67152 228.04456 153.47804 245.74783],1243.8086847178638,53.10983276367188,23.4195556640625,58.044206633283544
765,20200314_150429_1003_10_16_0,20200314_150429_1003,2020-03-14 15:04:29,0.8523700833320618,-12.038421609077368,-77.15992523429237,[208.07466 119.17409 215.69826 142.14027],1575.764389000833,68.8985595703125,22.87078857421875,72.59534751532301
766,20200314_150429_1003_10_17_0,20200314_150429_1003,2020-03-14 15:04:29,0.762607753276825,-12.041966714919814,-77.14945929292375,[288.74838 248.18607 299.      268.67538],1890.4379243496805,61.46795654296875,30.754852294921875,68.73260231688275
769,20200314_150429_1003_11_14_0,20200314_150429_1003,2020-03-14 15:04:29,0.5592474341392517,-12.044807395876832,-77.17467295660401,[260.7852   66.74707 291.88492  76.0847 ],2613.580411059782,93.2991943359375,28.01289367675781,97.41386901196549
770,20200314_150429_1003_11_17_0,20200314_150429_1003,2020-03-14 15:04:29,0.9003254771232605,-12.043478242562694,-77.15127384447038,[223.77974     1.0288954 233.09071    30.365078 ],2458.335852608085,88.008544921875,27.93292236328125,92.33499949108565
772,20200314_150429_1003_11_18_1,20200314_150429_1003,2020-03-14 15:04:29,0.6528963446617126,-12.044123494633965,-77.14208225651306,[256.6721    23.053394 269.9518    50.718655],3306.4832224859856,82.99578094482422,39.83917236328125,92.06225778913137
777,20200314_150430_1003_4_18_0,20200314_150430_1003,2020-03-14 15:04:30,0.5749922394752502,-12.060768204305615,-77.16053227047202,[ 70.41706 230.52686  76.26177 245.57883],791.7698483322748,45.15591430664063,17.534133911132812,48.44071065624667
778,20200314_150430_1003_5_18_0,20200314_150430_1003,2020-03-14 15:04:30,0.7213499546051025,-12.064115776446519,-77.15628429428456,[222.32373  53.79208 234.7172   68.82515],1676.8061461915495,45.09920883178711,37.18038940429688,58.449294208812276
831,20200319_150713_1027_13_20_0,20200319_150713_1027,2020-03-19 15:07:13,0.7582461833953857,-12.031868791702044,-77.16742825548044,[65.74192  22.87333  77.42187  47.349792],2572.954126543715,73.42938995361328,35.039840698242195,81.36132831461144
832,20200319_150713_1027_13_20_1,20200319_150713_1027,2020-03-19 15:07:13,0.7070052027702332,-12.03141048875962,-77.1619801219846,[264.6079     8.144082 273.88873   25.154213],1420.8121673092246,51.0303955078125,27.84246826171875,58.131783944659624
838,20200319_150714_1027_4_21_0,20200319_150714_1027,2020-03-19 15:07:14,0.9746604561805724,-12.032021680675205,-77.16740109242923,[238.27634 228.07547 250.94879 261.4103 ],3801.9081594832237,100.0045166015625,38.01736450195313,106.9870241869852
839,20200319_150714_1027_4_22_0,20200319_150714_1027,2020-03-19 15:07:14,0.7034657597541809,-12.031357396552535,-77.16192794085276,[138.4925  207.54623 149.7623  229.80579],2257.7474759900947,66.77865600585939,33.80941772460937,74.84962007135394
840,20200319_150714_1027_5_21_0,20200319_150714_1027,2020-03-19 15:07:14,0.973487377166748,-12.038410833530063,-77.17002874857332,[143.72095 169.22359 158.4288  195.08028],3422.6680055782203,77.570068359375,44.12356567382813,89.24127157907789
841,20200319_150714_1027_5_21_1,20200319_150714_1027,2020-03-19 15:07:14,0.9253058433532716,-12.040242419890035,-77.17116126424477,[104.422646 239.21097  116.563225 260.85464 ],2364.900951320305,64.9310302734375,36.42173767089844,74.44851689145862
842,20200319_150714_1027_5_21_2,20200319_150714_1027,2020-03-19 15:07:14,0.7131866216659546,-12.034493801657307,-77.16897952519973,[182.00833   25.948345 194.04367   48.804058],2475.686347648501,68.567138671875,36.10601806640625,77.49256123177108
843,20200319_150714_1027_5_21_3,20200319_150714_1027,2020-03-19 15:07:14,0.7048576474189758,-12.039520987315376,-77.17242763993391,[ 59.6286  215.0549   68.98477 232.51974],1470.6365271806715,52.39453125,28.068511962890625,59.43928220224535
844,20200319_150714_1027_5_21_4,20200319_150714_1027,2020-03-19 15:07:14,0.6808366775512695,-12.040113749083504,-77.16916484599697,[177.49933 234.06056 188.3711  255.36745],2084.791022703052,63.920654296875,32.61529541015625,71.76076602456502
845,20200319_150714_1027_5_21_5,20200319_150714_1027,2020-03-19 15:07:14,0.6452149748802185,-12.041064193756613,-77.16774023458035,[229.26065 271.1398  240.6041  287.58304],1678.7065958753228,49.3297119140625,34.03033447265625,59.92899249816616
846,20200319_150714_1027_5_22_0,20200319_150714_1027,2020-03-19 15:07:14,0.6300663948059082,-12.037401338175266,-77.16014499781781,[204.36182 131.33118 216.86203 152.84631],2420.494246020913,64.54541015625,37.50064086914063,74.64856353497233
848,20200319_150714_1027_6_23_0,20200319_150714_1027,2020-03-19 15:07:14,0.6785944104194641,-12.04955562897798,-77.15482863124993,[101.44075 282.208   114.84364 297.5205 ],1847.086200714112,45.9375,40.20867919921875,61.049093270872476
849,20200319_150714_1027_7_22_0,20200319_150714_1027,2020-03-19 15:07:14,0.6922940611839294,-12.056535388204848,-77.15856033090361,[267.52826 239.4929  279.86218 259.24213],2192.2684895200655,59.24766540527344,37.00177001953125,69.85282270999159
850,20200319_150714_1027_7_23_0,20200319_150714_1027,2020-03-19 15:07:14,0.7014204263687134,-12.05698691617149,-77.15633656646031,[ 50.250378 261.1674    60.858135 269.605   ],805.5382443778218,31.823272705078125,25.3128662109375,40.662782510233995
851,20200319_150714_1027_8_23_0,20200319_150714_1027,2020-03-19 15:07:14,0.7550635933876038,-12.060281955855615,-77.15697040677827,[24.537226 79.03258  42.464073 97.167114],2925.8556652271363,54.40361022949219,53.78054237365723,76.49901662117787
853,20200321_141541_1054_2_18_0,20200321_141541_1054,2020-03-21 14:15:41,0.8851264715194702,-12.092915682809002,-77.14399897635492,[101.49817  179.92448  114.130356 206.16304 ],2983.0530775221996,78.71566772460938,37.89656066894531,87.36306803144085
869,20200321_141542_1054_2_16_0,20200321_141542_1054,2020-03-21 14:15:42,0.8260718584060669,-12.031956891597984,-77.16748599320792,[282.0226  196.26295 299.      218.49214],3396.541490228847,66.68756103515625,50.93215942382813,83.91254769336905
870,20200321_141542_1054_2_17_0,20200321_141542_1054,2020-03-21 14:15:42,0.8457618951797485,-12.031348490281687,-77.16197992095714,[186.54396 171.58417 195.93129 195.14056],1990.184816211462,70.669189453125,28.1619873046875,76.07385797309779
871,20200321_141542_1054_2_17_1,20200321_141542_1054,2020-03-21 14:15:42,0.5671582221984863,-12.031836139919706,-77.16447514659403,[ 96.710724 193.74127  104.86487  210.38263 ],1221.264265961945,49.924072265625,24.462432861328125,55.59517616734687
872,20200321_141542_1054_2_18_0,20200321_141542_1054,2020-03-21 14:15:42,0.950250506401062,-12.031687170813573,-77.15608156400721,[100.63658 180.26875 112.32454 208.07365],2924.8425895432015,83.41470336914062,35.063873291015625,90.48473875925221
875,20200321_141542_1054_3_16_0,20200321_141542_1054,2020-03-21 14:15:42,0.9805203080177308,-12.038377755049432,-77.16997672520195,[196.1004  133.19078 207.8075  158.64311],2681.7551482133567,76.35699462890625,35.12127685546875,84.04697922422497
876,20200321_141542_1054_3_16_1,20200321_141542_1054,2020-03-21 14:15:42,0.9375133514404296,-12.040072536083493,-77.16905742219404,[230.84294 197.1954  240.80348 219.1308 ],1966.3955022180453,65.80618286132811,29.881622314453125,72.27285143760537
877,20200321_141542_1054_3_16_2,20200321_141542_1054,2020-03-21 14:15:42,0.9148852229118348,-12.040182306006631,-77.17106083043639,[159.31035 202.44415 166.93294 223.12933],1419.071696061641,62.0555419921875,22.86776733398437,66.13490058044533
878,20200321_141542_1054_3_16_3,20200321_141542_1054,2020-03-21 14:15:42,0.6577692031860352,-12.039471627884668,-77.1723212700663,[114.12496 179.45642 120.18313 194.41599],815.6477772351352,44.87869262695313,18.17449951171875,48.41910247418887
879,20200321_141542_1054_3_16_4,20200321_141542_1054,2020-03-21 14:15:42,0.6477874517440796,-12.041029102817845,-77.1676387950491,[283.5554  232.82172 291.6544  253.2544 ],1489.3581687435508,61.29803466796875,24.2969970703125,65.93779736077232
880,20200321_141542_1054_3_16_5,20200321_141542_1054,2020-03-21 14:15:42,0.5176557898521423,-12.042049600774329,-77.16871275095764,[244.7371  273.02185 253.088   288.9497 ],1197.1061535850167,47.7835693359375,25.05267333984375,53.952812159842644
881,20200321_141542_1054_3_17_0,20200321_141542_1054,2020-03-21 14:15:42,0.9064038395881652,-12.035585229177482,-77.16649244876994,[22.945007 28.434093 34.331806 55.40476 ],2763.9858346976976,80.91199493408203,34.16039657592773,87.82757891708943
882,20200321_141542_1054_3_17_1,20200321_141542_1054,2020-03-21 14:15:42,0.8895238041877747,-12.037387260681992,-77.16013033747936,[253.88829   96.104385 266.39188  117.026276],2354.3878524459437,62.76567077636719,37.51075744628906,73.120355252157
883,20200321_141542_1054_3_17_2,20200321_141542_1054,2020-03-21 14:15:42,0.7315750122070312,-12.041617633136866,-77.16619824056751,[ 38.422436 254.64777   43.727802 274.01703 ],924.8493397096173,58.1077880859375,15.916099548339846,60.248130768289265
884,20200321_141542_1054_3_17_3,20200321_141542_1054,2020-03-21 14:15:42,0.585881769657135,-12.039704184650118,-77.16635375630287,[ 28.063425 186.81198   41.681084 200.79187 ],1713.3601926194387,41.93966674804688,40.85297584533691,58.5482816345357
886,20200321_141542_1054_4_14_0,20200321_141542_1054,2020-03-21 14:15:42,0.5236762762069702,-12.04862849248501,-77.1909853443255,[ 35.48317 218.8512   45.00927 243.27808],2094.2361389519647,73.2806396484375,28.57830047607422,78.65603222502985
887,20200321_141542_1054_4_18_0,20200321_141542_1054,2020-03-21 14:15:42,0.5487204194068909,-12.049499399514827,-77.15489891503383,[150.3661  245.68607 158.78264 259.93466],1079.3142030257734,42.74578857421875,25.24960327148437,49.646197298475585
891,20200321_141542_1054_5_18_0,20200321_141542_1054,2020-03-21 14:15:42,0.57461017370224,-12.057947508921233,-77.15536978791792,[135.30779 258.48566 144.55046 272.5948 ],1173.6550987958908,42.327392578125,27.72802734375,50.600905751166735
892,20200321_141542_1054_5_18_1,20200321_141542_1054,2020-03-21 14:15:42,0.560401976108551,-12.053002330776355,-77.15476009951503,[157.87596   76.786285 163.38164   89.15564 ],612.9149413760751,37.10806274414063,16.51702880859375,40.61798322525374
894,20200321_141542_1054_6_18_0,20200321_141542_1054,2020-03-21 14:15:42,0.8291084766387941,-12.060888498756965,-77.15857854835818,[20.00056  69.01323  28.595829 82.84856 ],1070.2651334451512,41.5059814453125,25.78580474853516,48.86362882828294
895,20200321_141542_1054_6_18_1,20200321_141542_1054,2020-03-21 14:15:42,0.7388900518417358,-12.060277316236995,-77.15701275537893,[73.54799  43.58265  88.375946 62.29899 ],2497.7256696880795,56.14901733398438,44.48387145996094,71.63467713083102
896,20200321_141542_1054_6_18_2,20200321_141542_1054,2020-03-21 14:15:42,0.5659036040306091,-12.064144860808973,-77.15626960405515,[103.36989 186.02202 114.75447 204.73228],1917.0771167613568,56.13079833984375,34.15374755859375,65.704984548848
898,20200321_141542_1054_7_10_0,20200321_141542_1054,2020-03-21 14:15:42,0.5984207987785339,-12.067563278231628,-77.22036856610397,[169.3291    35.531387 180.98697   46.567894],1157.9591832042204,34.973602294921875,33.10951995849609,48.160078585540276
901,20200321_141542_1054_8_15_0,20200321_141542_1054,2020-03-21 14:15:42,0.7332810163497925,-12.075059645884455,-77.18277858003397,[36.61919    2.4381685 57.28214   12.719784 ],1912.03638904939,61.98884582519531,30.84484577178955,69.23887287806842
905,20200321_141542_1054_10_14_0,20200321_141542_1054,2020-03-21 14:15:42,0.6524525880813599,-12.098375227398165,-77.18754303210814,[174.74556 266.02612 185.00847 275.849  ],907.3015346936882,30.788726806640625,29.4686279296875,42.618607795566355
964,20200321_141543_1054_10_16_0,20200321_141543_1054,2020-03-21 14:15:43,0.986089825630188,-12.032181560159753,-77.18709846574143,[ 20.042309  73.042404  39.00443  105.5728  ],5551.607385839336,97.5911865234375,56.88636016845703,112.96060224816343
967,20200321_141543_1054_10_19_0,20200321_141543_1054,2020-03-21 14:15:43,0.8651763796806335,-12.031384584008615,-77.16200656865773,[39.448715 42.349743 47.11255  63.052746],1427.9793286453935,62.1090087890625,22.99150085449219,66.22792526043646
1045,20200323_143559_06_2257_15_7_0,20200323_143559_06_2257,2020-03-23 14:35:59,0.996753990650177,-12.032142616910631,-77.18727496862229,[ 17.871796 240.55824   38.335712 273.28622 ],6027.68422012782,98.18394470214844,61.39175033569336,115.79738341842896
1048,20200323_143559_06_2257_15_9_0,20200323_143559_06_2257,2020-03-23 14:35:59,0.6181485056877136,-12.031775511034505,-77.16443500123917,[255.94193 228.868   262.51346 244.76051],939.9438336342572,47.67755126953125,19.714599609375,51.59277403684308
1049,20200323_143559_06_2257_15_9_1,20200323_143559_06_2257,2020-03-23 14:35:59,0.5139607787132263,-12.032278171606093,-77.16729059243319,[152.09021 250.0839  159.3078  262.25925],790.8904561288655,36.52606201171875,21.65277099609375,42.46169683247717
1052,20200323_143559_06_2257_15_10_1,20200323_143559_06_2257,2020-03-23 14:35:59,0.9582555890083312,-12.031356399260776,-77.16201844960612,[ 41.30541  209.55086   54.376797 231.77931 ],2615.0108401975594,66.68536376953125,39.21416473388672,77.36076820230727
1054,20200323_143559_06_2257_16_9_0,20200323_143559_06_2257,2020-03-23 14:35:59,0.9820494055747986,-12.035589642355859,-77.16657326776793,[175.39648   65.50442  190.01456   92.706276],3578.748662278522,81.60557556152344,43.85421752929688,92.64265949245197
1055,20200323_143559_06_2257_16_9_1,20200323_143559_06_2257,2020-03-23 14:35:59,0.9671993255615234,-12.034517069398975,-77.16894843642581,[ 91.86377  28.15199 100.45918  52.29899],1867.9807874770192,72.4409923553467,25.78623962402344,76.89361174619745
1056,20200323_143559_06_2257_16_9_2,20200323_143559_06_2257,2020-03-23 14:35:59,0.914620578289032,-12.040067335699327,-77.16909580029757,[ 88.21228  234.00757   96.644485 255.95703 ],1665.7413761503994,65.848388671875,25.296615600585927,70.54026546254362
1057,20200323_143559_06_2257_16_9_3,20200323_143559_06_2257,2020-03-23 14:35:59,0.8860068321228027,-12.038351684386528,-77.16997626633466,[ 56.386154 169.27582   63.539864 194.63464 ],1632.68702964345,76.07647705078125,21.46112823486328,79.04562217840588
1058,20200323_143559_06_2257_16_9_4,20200323_143559_06_2257,2020-03-23 14:35:59,0.8783445954322815,-12.04100257731262,-77.16765666597416,[140.97055 269.14252 148.92618 288.98712],1420.886520557105,59.5338134765625,23.86688232421875,64.13971483363673
1059,20200323_143559_06_2257_16_9_5,20200323_143559_06_2257,2020-03-23 14:35:59,0.7659475207328796,-12.040197877718253,-77.17105826933017,[ 18.253323 242.10406   24.185009 258.61664 ],881.5266553703696,49.5377197265625,17.795059204101562,52.636962372319125
1060,20200323_143559_06_2257_16_9_6,20200323_143559_06_2257,2020-03-23 14:35:59,0.7207000255584717,-12.039721264606571,-77.16634950452129,[186.35648 225.66591 197.7067  237.19545],1177.7654148638248,34.588623046875,34.0506591796875,48.536792589231204
1061,20200323_143559_06_2257_16_9_7,20200323_143559_06_2257,2020-03-23 14:35:59,0.6695895791053772,-12.034039869370904,-77.16788987175624,[130.75905  15.43845 138.1498   29.2039 ],915.6326016644016,41.296348571777344,22.1722412109375,46.8721312261106
1062,20200323_143559_06_2257_16_9_8,20200323_143559_06_2257,2020-03-23 14:35:59,0.5762749910354614,-12.0412242947016,-77.16993742458861,[ 57.901394 279.44128   66.519775 296.35223 ],1311.7051449597348,50.73284912109375,25.855144500732425,56.941289738619524
1063,20200323_143559_06_2257_16_9_9,20200323_143559_06_2257,2020-03-23 14:35:59,0.5734332203865051,-12.041185823517784,-77.16881006972446,[ 98.12581 277.3573  108.12962 294.95142],1584.074505027383,52.7823486328125,30.011444091796875,60.71789772110702
1064,20200323_143559_06_2257_16_10_0,20200323_143559_06_2257,2020-03-23 14:35:59,0.9619007110595704,-12.037438977652045,-77.16016395819605,[111.26956 134.5073  122.59941 156.45758],2238.240969245788,65.85086059570311,33.989547729492195,74.10550044396267
1065,20200323_143559_06_2257_16_11_0,20200323_143559_06_2257,2020-03-23 14:35:59,0.6426814794540405,-12.03401954450945,-77.14885505486994,[220.15462     2.6699562 234.87883    29.612469 ],3570.3655511427205,80.8275375366211,44.17263793945313,92.1103293163362
1067,20200323_143559_06_2257_17_9_0,20200323_143559_06_2257,2020-03-23 14:35:59,0.9293856620788574,-12.042037994396956,-77.16879939588736,[ 99.09471    8.273185 108.4324    28.891907],1732.781444270513,61.856163024902344,28.01307678222656,67.90373608992525
1068,20200323_143559_06_2257_17_9_1,20200323_143559_06_2257,2020-03-23 14:35:59,0.9260762333869934,-12.042375641170974,-77.16780480086295,[134.43422   21.302456 145.5064    40.199516],1883.0838792569705,56.69118118286133,33.216522216796875,65.70561142008322
1069,20200323_143559_06_2257_17_9_2,20200323_143559_06_2257,2020-03-23 14:35:59,0.8509441018104553,-12.042777250223525,-77.16623559164812,[191.78311   35.758083 202.33017   54.470013],1776.2022523535416,56.13578796386719,31.64117431640625,64.43904563574372
1070,20200323_143559_06_2257_17_9_3,20200323_143559_06_2257,2020-03-23 14:35:59,0.7627628445625305,-12.04272501191185,-77.16460869244669,[251.69926  33.93565 260.51102  51.50704],1393.512490067049,52.71416473388672,26.43525695800781,58.97123005353752
1071,20200323_143559_06_2257_17_9_4,20200323_143559_06_2257,2020-03-23 14:35:59,0.7601632475852966,-12.043984747843295,-77.164377699699,[260.68207   82.37189  269.03314   95.865845],1014.201366752386,40.48187255859375,25.05322265625,47.60720503572819
1072,20200323_143559_06_2257_17_9_5,20200323_143559_06_2257,2020-03-23 14:35:59,0.7462302446365356,-12.04353811172916,-77.164981577171,[238.57863   62.286186 247.03001   83.35023 ],1602.182986212429,63.19212341308594,25.354156494140625,68.08874879878509
1073,20200323_143559_06_2257_17_9_6,20200323_143559_06_2257,2020-03-23 14:35:59,0.6747758388519287,-12.042295281342016,-77.16542778531185,[222.10422   17.141375 230.38254   37.070343],1484.8054574187845,59.78690528869629,24.8349609375,64.7398588874481
1074,20200323_143559_06_2257_17_9_7,20200323_143559_06_2257,2020-03-23 14:35:59,0.6395754814147949,-12.043590594951857,-77.16581216182145,[208.67337   67.78054  216.65814   82.203224],1036.4565346506424,43.26805114746094,23.954315185546875,49.456379427813125
1075,20200323_143559_06_2257_17_9_8,20200323_143559_06_2257,2020-03-23 14:35:59,0.6188710927963257,-12.041777683355866,-77.16620272051401,[194.82729    4.505436 201.09084   11.968409],420.7023074508179,22.388917922973643,18.7906494140625,29.229302953780095
1076,20200323_143559_06_2257_17_9_9,20200323_143559_06_2257,2020-03-23 14:35:59,0.5678997635841371,-12.041915075917801,-77.16937016489734,[77.89618   6.771852 88.11615  21.653336],1368.7948896861635,44.64444923400879,30.659912109375,54.158628656591624
1077,20200323_143559_06_2257_17_9_10,20200323_143559_06_2257,2020-03-23 14:35:59,0.5135148763656616,-12.041803052372167,-77.16470947026147,[248.28857     3.5621133 256.068      13.927816 ],725.7523574992082,31.097110748291016,23.3382568359375,38.880644658128546
1078,20200323_143559_06_2257_17_10_0,20200323_143559_06_2257,2020-03-23 14:35:59,0.7622374892234802,-12.043317202320008,-77.16227741781411,[38.743404 53.347935 45.082172 74.44479 ],1203.5528523476387,63.29057693481445,19.01630401611328,66.08567883569718
1079,20200323_143559_06_2257_17_10_1,20200323_143559_06_2257,2020-03-23 14:35:59,0.5151713490486145,-12.043838113553514,-77.16317143396323,[ 6.6643276 76.29507   12.5507965 90.43534  ],749.1265491688682,42.42082214355469,17.659406661987305,45.94976381863721
1080,20200323_143559_06_2257_17_11_0,20200323_143559_06_2257,2020-03-23 14:35:59,0.5626503229141235,-12.04198725070212,-77.14914166729801,[211.44011      0.37695408 227.38243     21.818775  ],3076.4918398100417,64.32546615600586,47.82696533203125,80.15724676570905
1084,20200323_143559_06_2257_18_10_0,20200323_143559_06_2257,2020-03-23 14:35:59,0.5535784363746643,-12.057460853496124,-77.15545293787352,[288.81155 277.50665 298.7274  291.72217],1268.6280054710805,42.64654541015625,29.74749755859375,51.9965522551165
1087,20200323_143559_06_2257_19_10_0,20200323_143559_06_2257,2020-03-23 14:35:59,0.928114116191864,-12.060313987030346,-77.15713794193066,[229.41922   80.944214 237.43698  101.71405 ],1498.7483033202589,62.30950927734375,24.05328369140625,66.79098294472583
1088,20200323_143559_06_2257_19_10_1,20200323_143559_06_2257,2020-03-23 14:35:59,0.7097330689430237,-12.060876780367858,-77.15855987954349,[177.36046  105.132065 186.58455  119.854614],1222.2191657940855,44.16764831542969,27.672271728515625,52.12039697021008
1089,20200323_143559_06_2257_19_10_2,20200323_143559_06_2257,2020-03-23 14:35:59,0.6403412818908691,-12.061767978445904,-77.15940966876231,[146.09145 139.13873 156.67366 152.0751 ],1232.0590438116342,38.80911254882813,31.74664306640625,50.13977027084796
1098,20200323_143601_09_2257_2_14_0,20200323_143601_09_2257,2020-03-23 14:36:01,0.6516069173812866,-12.051579256584006,-77.15523582859731,[  8.630655 112.50566   19.261383 124.73187 ],1169.7617393865658,36.67863464355469,31.89218330383301,48.60487213439261
1099,20200323_143601_09_2257_3_10_0,20200323_143601_09_2257,2020-03-23 14:36:01,0.5002999305725098,-12.058639860752287,-77.18761385190312,[31.894491 83.77994  41.28795  94.91824 ],941.644799147034,33.4149169921875,28.18037223815918,43.71144080302082
1100,20200323_143601_09_2257_3_13_0,20200323_143601_09_2257,2020-03-23 14:36:01,0.9391884803771972,-12.06027123210249,-77.15712502503266,[242.00893 130.49689 251.76027 151.00009],1799.4039617590604,61.50961303710938,29.2540283203125,68.11189814518886
1101,20200323_143601_09_2257_3_13_1,20200323_143601_09_2257,2020-03-23 14:36:01,0.7806952595710754,-12.060835630024593,-77.15855342898408,[189.59456 153.67967 200.79488 170.26778],1672.1282912157474,49.76431274414063,33.6009521484375,60.04590584026712
1102,20200323_143601_09_2257_3_13_2,20200323_143601_09_2257,2020-03-23 14:36:01,0.7439059615135193,-12.061720109612372,-77.15940356818345,[158.52882 187.63176 170.65138 202.04744],1572.7943217605352,43.24703979492188,36.36767578125,56.505878391134445
1104,20200323_143601_09_2257_4_15_0,20200323_143601_09_2257,2020-03-23 14:36:01,0.5611777901649475,-12.069182238857953,-77.14700010032723,[  3.5093546 162.43535    34.516888  172.62459  ],2843.488715103711,93.02260208129884,30.56771850585937,97.9162392692301
1113,20200327_141248_104b_3_8_0,20200327_141248_104b,2020-03-27 14:12:48,0.5190596580505371,-12.0539546617849,-77.14858016197118,[267.63455 281.67188 288.87125 299.     ],3311.928846359253,63.7100830078125,51.984375,82.22742803349126
1116,20200327_141248_104b_4_7_0,20200327_141248_104b,2020-03-27 14:12:48,0.9449688196182252,-12.055769843277044,-77.16013375383953,[151.09167  44.06085 165.61557  79.10184],4580.384877363103,105.12296676635742,43.571685791015625,113.79512267418002
1117,20200327_141248_104b_4_7_1,20200327_141248_104b,2020-03-27 14:12:48,0.822819709777832,-12.06028656947627,-77.15700894110243,[269.19153 217.26793 277.0147  237.29411],1410.0161927752195,60.07855224609375,23.46954345703125,64.50001480672772
1147,20200327_141249_104b_8_5_0,20200327_141249_104b,2020-03-27 14:12:49,0.965772032737732,-12.032143488373366,-77.18710942401383,[219.44197 258.16937 228.7867  289.64368],2647.0688983798027,94.42291259765624,28.0341796875,98.49670884946191
1149,20200327_141249_104b_8_8_0,20200327_141249_104b,2020-03-27 14:12:49,0.9696319699287416,-12.032020852301786,-77.16742987762069,[ 35.94046 247.84344  47.19404 279.59772],3216.1426909184083,95.2628173828125,33.76073455810547,101.06825205579614
1150,20200327_141249_104b_8_8_1,20200327_141249_104b,2020-03-27 14:12:49,0.5609732866287231,-12.031309050922868,-77.16203492382027,[231.36197 226.26854 243.09653 245.5783 ],2039.3228113688529,57.92926025390625,35.20367431640625,67.78715128208593
1152,20200327_141249_104b_9_7_0,20200327_141249_104b,2020-03-27 14:12:49,0.9770416617393494,-12.03841334718582,-77.16999705052527,[244.86003 188.18141 253.59279 214.28969],2051.9752323813736,78.3248291015625,26.198272705078125,82.59012257236705
1153,20200327_141249_104b_9_7_1,20200327_141249_104b,2020-03-27 14:12:49,0.7894128561019897,-12.040117332163847,-77.17106794182745,[207.144   252.5765  214.54503 276.2081 ],1574.083396308124,70.894775390625,22.203094482421875,74.29028592139433
1154,20200327_141249_104b_9_7_2,20200327_141249_104b,2020-03-27 14:12:49,0.7194851636886597,-12.039499200833054,-77.17243442150047,[157.74454 234.55162 164.36371 249.41978],885.7343025505542,44.6044921875,19.85751342773437,48.82500960406869
1160,20200327_141249_104b_11_9_0,20200327_141249_104b,2020-03-27 14:12:49,0.9894561171531676,-12.055728495506516,-77.1601829465314,[  2.943921 221.92651   22.167648 256.2142  ],5932.23495544342,102.86306762695312,57.67118453979492,117.92699524642444
1161,20200327_141249_104b_11_9_1,20200327_141249_104b,2020-03-27 14:12:49,0.6804396510124207,-12.052720106215501,-77.1555113097699,[176.29329  122.154106 186.25853  131.39758 ],829.0212285958696,29.895721435546875,27.730430603027344,40.77659796477794
1164,20200327_141249_104b_11_10_2,20200327_141249_104b,2020-03-27 14:12:49,0.5358137488365173,-12.050668840014513,-77.145271913244,[229.37393   41.13868  277.4317    55.269226],6111.74298467743,144.17330932617188,42.391639709472656,150.27639282108743
