target_id,item_id,datetime,probability,latitude,longitude,bounding_box,area,major_length,minor_length,length
20200305_145022__2_3_0,20200305_145022_,2020-03-05 14:50:22,0.740766704082489,-12.444855162862432,-76.9359800253314,[ 40.912758 226.00272   53.284378 255.99527 ],3339.508344179951,89.9776611328125,37.11486053466797,97.33186721438715
20200305_145023__2_3_0,20200305_145023_,2020-03-05 14:50:23,0.9609342217445374,-12.50897526210932,-76.94877016873441,[ 48.802914 220.09595   61.009342 252.18857 ],3525.62654404412,96.27786254882812,36.619285583496094,103.00679052187135
20200305_150724__10_26_0,20200305_150724_,2020-03-05 15:07:24,0.5345851778984071,-12.44328269545063,-77.19072159176126,[296.89975 101.42976 298.97104 103.94899],46.96240872144699,7.55767822265625,6.2138671875,9.784203878757928
20200306_141509__3_8_0,20200306_141509_,2020-03-06 14:15:09,0.5369144678115845,-12.376294205551913,-77.1705142789567,[  2.9265385 242.72618    65.722885  256.9422   ],8034.4265771572245,188.38904571533203,42.64805603027344,193.15612656267157
20200306_141509__5_14_0,20200306_141509_,2020-03-06 14:15:09,0.8240014314651489,-12.391543583094704,-77.11786359154138,[149.89917 185.72948 157.73804 212.19765],1867.3242356479168,79.40451049804688,23.5166015625,82.81368749478442
20200306_141509__6_26_0,20200306_141509_,2020-03-06 14:15:09,0.5570529699325562,-12.400860050551973,-77.01747701571503,[203.58911 203.65926 212.22128 227.08067],1819.599240797572,70.26425170898439,25.896514892578125,74.88454147422574
20200306_141509__7_23_0,20200306_141509_,2020-03-06 14:15:09,0.9387214183807372,-12.409256507413804,-77.04518763295448,[ 96.497375 219.38602  108.89586  248.01202 ],3194.271630463656,85.87802124023438,37.19544982910156,93.58705049379085
20200306_141509__10_11_0,20200306_141509_,2020-03-06 14:15:09,0.5172754526138306,-12.429077909409358,-77.14249653161713,[159.84392  91.13985 177.86876  99.87691],1417.3571687489746,54.07452392578125,26.211181640625,60.092263901418505
20200306_141510__7_23_0,20200306_141510_,2020-03-06 14:15:10,0.9491809606552124,-12.347839960701725,-77.05679799359145,[84.96941  69.34278  95.749855 98.19361 ],2799.2221169136465,86.552490234375,32.341323852539055,92.39748261888087
20200306_141510__7_24_0,20200306_141510_,2020-03-06 14:15:10,0.5123376846313477,-12.348011654613993,-77.04606352005806,[175.15369   74.035126 186.13559  100.20297 ],2586.3548035360877,78.5035400390625,32.945709228515625,85.13651129353721
20200306_141510__9_18_0,20200306_141510_,2020-03-06 14:15:10,0.5915135741233826,-12.367867054901652,-77.09332545261177,[258.4049  230.27762 274.8322  239.09518],1303.6397711746395,49.28192138671875,26.45269775390625,55.932575428154955
20200307_141505__3_10_0,20200307_141505_,2020-03-07 14:15:05,0.5745299458503723,-12.479860281521168,-76.95858035906306,[  1.8840065 112.76803    43.074257  123.22903  ],3878.020341566065,123.57075119018556,31.38299560546875,127.49361930261301
20200307_141507__6_13_0,20200307_141507_,2020-03-07 14:15:07,0.8002583384513855,-12.380939336530385,-76.95344322539877,[160.06306  69.34817 167.66805  95.47724],1788.3998835459354,78.38722229003906,22.81494140625,81.63992999579689
20200307_141507__8_9_0,20200307_141507_,2020-03-07 14:15:07,0.8496034145355225,-12.395106329637068,-76.98740214131973,[120.753235    3.5158567 144.44968    28.44917  ],5317.476841978496,74.79993438720703,71.08932495117188,103.19264657107979
20200307_141507__8_10_0,20200307_141507_,2020-03-07 14:15:07,0.6240449547767639,-12.398589054466818,-76.97776392466909,[178.52136 128.35474 189.40475 155.30685],2639.9742619888857,80.85635375976562,32.650177001953125,87.19967890756958
20200307_141507__9_4_0,20200307_141507_,2020-03-07 14:15:07,0.5169418454170227,-12.40315523601371,-77.02699579899617,[189.14662   13.435908 199.79134   35.83713 ],2146.091506570112,67.20366668701172,31.93414306640625,74.40512287177994
20200307_141508__6_13_0,20200307_141508_,2020-03-07 14:15:08,0.8609614968299866,-12.319483932691831,-76.96503615270151,[169.74196   65.07428  180.14445   92.951675],2609.950553548057,83.63218688964844,31.207489013671875,89.26505505786425
20200309_152729_13__15_8_0,20200309_152729_13_,2020-03-09 15:27:29,0.6308362483978271,-12.317699588802713,-77.01158267572964,[ 88.695786 246.64452  132.36656  264.7704  ],7124.1372392009935,131.0123291015625,54.37760925292969,141.84905626996758
20200309_152729_13__16_7_0,20200309_152729_13_,2020-03-09 15:27:29,0.8538981080055237,-12.323630346558044,-77.01578787694163,[253.12051 155.96625 264.23416 197.2019 ],4124.5069662854075,123.70697021484376,33.3409423828125,128.12116499123113
20200309_152729_13__16_9_0,20200309_152729_13_,2020-03-09 15:27:29,0.5757009387016296,-12.324620649670946,-77.00343487680863,[ 99.39854 200.16222 118.41297 219.34273],3282.3592662764718,57.54153442382813,57.04330444335938,81.0244825078592
20200309_152729_13__16_10_0,20200309_152729_13_,2020-03-09 15:27:29,0.6950340867042542,-12.32235659040141,-76.99603669757582,[ 64.97103  111.25019   90.152275 137.25575 ],5893.671555642737,78.01668548583984,75.54373168945312,108.59769155817511
20200309_152729_13__17_9_0,20200309_152729_13_,2020-03-09 15:27:29,0.515472412109375,-12.334511804115186,-76.99968016290934,[241.54846 268.6091  254.01404 280.45132],1328.5813214331865,37.396728515625,35.52667236328125,51.58158346618773
20200309_152729_13__17_10_0,20200309_152729_13_,2020-03-09 15:27:29,0.8751148581504822,-12.329676514156402,-76.99546928079165,[ 89.747536  86.58284  110.54391  103.54457 ],3174.682118277065,62.38911437988281,50.88519287109375,80.50903332318995
20200309_152729_13__17_10_1,20200309_152729_13_,2020-03-09 15:27:29,0.5479298233985901,-12.327623622580688,-76.9958946312485,[72.61907  14.197699 95.697685 24.735117],2188.701030956581,69.23583984375,31.61225509643555,76.11134075255484
20200309_152729_13__18_7_0,20200309_152729_13_,2020-03-09 15:27:29,0.7663863897323608,-12.336052215948039,-77.0165590446303,[221.95392   17.046288 246.3602    56.807068],8733.714825968491,119.28234100341795,73.21884155273438,139.9616934506728
20200309_152729_13__18_10_0,20200309_152729_13_,2020-03-09 15:27:29,0.5183788537979126,-12.3396053742282,-76.99472468718119,[118.702415 154.57579  141.03854  169.51622 ],3003.402180455625,67.00838470458984,44.8212890625,80.61681942338393
20200309_152729_13__19_2_0,20200309_152729_13_,2020-03-09 15:27:29,0.5405964255332947,-12.34332271475065,-77.05738124225837,[202.86212    7.4087   299.        27.242325],17160.86434606975,288.41363525390625,59.500877380371094,294.487316211424
20200309_152729_13__20_9_0,20200309_152729_13_,2020-03-09 15:27:29,0.5115784406661987,-12.353500323747564,-76.99917828254961,[249.92914   63.843933 292.4829    91.56853 ],10618.074504501186,127.66131591796876,83.17378234863281,152.36564459249064
20200309_152731_17__12_2_0,20200309_152731_17_,2020-03-09 15:27:31,0.9197970628738404,-12.421443983102483,-77.0820546399697,[275.36865 141.81882 296.03217 163.29108],3993.2308593336493,64.41677856445311,61.99053955078125,89.39993486809014
20200309_152731_17__15_6_0,20200309_152731_17_,2020-03-09 15:27:31,0.8668832182884216,-12.445795834629473,-77.05008368588175,[241.34401 137.23427 269.83044 152.18202],3832.273971877992,85.45930480957031,44.84326171875,96.5101595694016
20200309_152731_17__17_2_0,20200309_152731_17_,2020-03-09 15:27:31,0.7398172616958618,-12.462230297248244,-77.0861041908547,[144.38411 156.1949  157.02815 169.84438],1553.2609467208385,40.94842529296875,37.93212890625,55.81773855446143
20200309_152731_17__17_6_0,20200309_152731_17_,2020-03-09 15:27:31,0.6204471588134766,-12.462007960463453,-77.0537017623328,[119.916046 135.46149  138.21854  155.85754 ],3359.6877277940507,61.18817138671875,54.907470703125,82.21205907082609
20200309_152731_17__18_6_0,20200309_152731_17_,2020-03-09 15:27:31,0.6084826588630676,-12.46828157507937,-77.05329539344547,[139.89122  69.491   151.28194  86.36966],1730.3405028954148,50.635986328125,34.172149658203125,61.087960546123114
20200309_152731_17__19_2_0,20200309_152731_17_,2020-03-09 15:27:31,0.787159264087677,-12.474461268357329,-77.08314356705095,[224.11478     5.4338875 299.         25.145763 ],13285.154082096416,224.6556701660156,59.13562774658203,232.3083997765124
20200309_152731_17__19_4_0,20200309_152731_17_,2020-03-09 15:27:31,0.7883040308952332,-12.475802394805081,-77.06865338982811,[172.74338   54.034912 205.48923   67.2493  ],3894.4466656967998,98.237548828125,39.643157958984375,105.9348666526712
20200309_152733_21__1_5_0,20200309_152733_21_,2020-03-09 15:27:33,0.8079269528388977,-12.462982093370456,-77.09023355785563,[ 39.32866 174.46228  77.17979 197.38928],7810.315892776474,113.55338287353516,68.781005859375,132.75992440887816
20200309_152733_21__1_5_1,20200309_152733_21_,2020-03-09 15:27:33,0.7989816069602966,-12.46223422144476,-77.08610754340813,[201.51674 148.6203  213.65477 165.71036],1866.9568165736275,51.27017211914063,36.41409301757813,62.88574337176224
20200309_152733_21__2_9_0,20200309_152733_21_,2020-03-09 15:27:33,0.7232804298400879,-12.468305355783365,-77.0533161076804,[195.85802  64.33954 207.8272   81.28691],1825.6149409348145,50.84211730957031,35.90753173828125,62.243648094048794
20200309_152733_21__3_7_0,20200309_152733_21_,2020-03-09 15:27:33,0.7592806220054626,-12.475826643021257,-77.06871105444002,[225.5216    49.258183 262.54507   61.847317],4194.840672238497,111.07040405273438,37.76740264892578,117.315861499133
20200309_152733_21__3_7_1,20200309_152733_21_,2020-03-09 15:27:33,0.5358738899230957,-12.479760979605118,-77.0709510311752,[137.36588 189.20596 190.60104 213.38446],11584.317398155108,159.70550537109375,72.53549194335938,175.40594641374508
20200309_152733_21__3_16_0,20200309_152733_21_,2020-03-09 15:27:33,0.5010535717010498,-12.475429780415778,-76.99906134731667,[61.898144 12.187163 92.48158  30.913342],5154.398065826899,91.75031661987305,56.17853164672852,107.58321438695458
20200309_152733_21__4_8_0,20200309_152733_21_,2020-03-09 15:27:33,0.6688823699951172,-12.48583470491957,-77.06589453027962,[ 41.063545 116.77756   58.916924 132.98088 ],2603.556555055781,53.56013488769531,48.60997009277344,72.32991940828114
20200309_152733_21__5_8_0,20200309_152733_21_,2020-03-09 15:27:33,0.936012864112854,-12.492007089742687,-77.06384776777615,[109.46239   42.44193  142.42201   63.465923],6236.48680261639,98.87887573242188,63.071983337402344,117.28216892699967
20200309_152733_21__5_17_0,20200309_152733_21_,2020-03-09 15:27:33,0.5301767587661743,-12.49399097271145,-76.98681812948617,[221.0229    93.202965 233.05046  116.33294 ],2503.7738434346397,69.38992309570311,36.08267211914063,78.21074513444428
20200309_152733_21__6_20_0,20200309_152733_21_,2020-03-09 15:27:33,0.7192983031272888,-12.500011460959675,-76.96811761659995,[ 1.9028549  8.846755  16.835062  36.642815 ],3735.5085414602217,83.38817596435547,44.79662132263184,94.65899414522417
20200309_152733_21__7_19_0,20200309_152733_21_,2020-03-09 15:27:33,0.5437290072441101,-12.513897462180068,-76.97175612091591,[164.76437 229.11038 195.90817 244.59122],4339.1880874335775,93.431396484375,46.4425048828125,104.3375872291982
20200309_152733_21__8_4_0,20200309_152733_21_,2020-03-09 15:27:33,0.5490101575851439,-12.517451563145311,-77.09501262039929,[194.2483   91.44543 205.61159 115.15008],2424.263533830643,71.11395263671875,34.08984375,78.86261285626347
20200309_152733_21__8_16_0,20200309_152733_21_,2020-03-09 15:27:33,0.5668885111808777,-12.519961483779259,-76.99848822423883,[104.75115 159.41629 115.97434 178.13184],1890.433175301645,56.14663696289063,33.669570922851555,65.46819722866643
20200309_152733_21__9_17_0,20200309_152733_21_,2020-03-09 15:27:33,0.6911049485206604,-12.527801974099779,-76.9902875145467,[100.99032 145.101   120.40452 168.29167],4052.05538283661,69.572021484375,58.24259948730469,90.73294092258291
20200309_152733_21__11_17_0,20200309_152733_21_,2020-03-09 15:27:33,0.844105064868927,-12.540870065793346,-76.9888590378118,[152.68423   27.322779 179.49454   53.219482],6248.686199022924,80.430908203125,77.6901111602783,111.82524029250249
20200309_152733_21__11_18_0,20200309_152733_21_,2020-03-09 15:27:33,0.8254778981208801,-12.540475952606846,-76.97739713562598,[273.86642    3.509344 290.6743    41.71769 ],5779.804853014649,114.62503051757812,50.423583984375,125.22553830183776
20200310_141602__5_2_0,20200310_141602_,2020-03-10 14:16:02,0.7994188070297241,-12.375198369301168,-76.96201234157049,[ 0.3759899   0.22691917 54.916733   13.697101  ],6612.063102597924,163.62222290039062,40.410544395446784,168.5385532310085
20200310_141602__7_3_0,20200310_141602_,2020-03-10 14:16:02,0.5806384086608887,-12.391854645005616,-76.94935006598381,[188.92337     7.0688667 195.47116    32.699116 ],1510.3935159221292,76.8907470703125,19.64337158203125,79.36024843799649
20200310_141603__7_3_0,20200310_141603_,2020-03-10 14:16:03,0.8409521579742432,-12.330574214102855,-76.96227720955702,[167.4844      2.4336538 174.4772     26.147724 ],1492.4492398579605,71.14220809936523,20.9783935546875,74.17079458512455
20200310_150420__11_13_0,20200310_150420_,2020-03-10 15:04:20,0.5734291672706604,-12.348477160325698,-76.979496270819,[229.94862    4.249056 299.        20.044321],9816.16321443615,207.1541290283203,47.38579559326172,212.50469829509268
20200310_150452__14_28_0,20200310_150452_,2020-03-10 15:04:52,0.8943867683410645,-12.303092138361967,-77.1199149848638,[  0.       195.46846   61.240208 210.86653 ],8486.829751430545,183.72062301635742,46.1942138671875,189.4391002837745
20200310_150453__6_23_0,20200310_150453_,2020-03-10 15:04:53,0.841863214969635,-12.30213719509552,-77.16831363692465,[230.9395    84.44563  241.0334   113.451996],2635.086615240667,87.01908874511719,30.281707763671875,92.13741710681391
20200310_150453__8_25_0,20200310_150453_,2020-03-10 15:04:53,0.8422765731811523,-12.32132690702365,-77.15669168922466,[ 58.74879 190.57118  71.6265  220.13371],3426.2798524199748,88.68759155273438,38.63313674926758,96.73679832676008
20200310_150453__9_22_0,20200310_150453_,2020-03-10 15:04:53,0.8229216933250427,-12.325301897766307,-77.17628860381112,[247.16466   45.340828 258.16443   72.07052 ],2646.184303158196,80.18907165527344,32.999313354492195,86.71356234639737
20200310_150453__14_28_0,20200310_150453_,2020-03-10 15:04:53,0.9428831338882446,-12.370125247011295,-77.13329175080915,[  0.      196.97198  62.293   211.88913],8363.103197109887,186.8789978027344,44.75143432617188,192.1625631958631
20200311_141644__8_18_0,20200311_141644_,2020-03-11 14:16:44,0.9776710271835328,-12.304998458966011,-76.97930889207483,[151.40686 140.88301 163.46875 172.29051],3409.5043247155845,94.22250366210938,36.1856689453125,100.9320703908127
20200311_141644__9_2_0,20200311_141644_,2020-03-11 14:16:44,0.7977396845817566,-12.311588101991957,-77.10889644098292,[237.7627  122.31476 249.63611 150.44626],3006.1523081324995,84.39450073242188,35.6202392578125,91.60367459146256
20200311_141644__9_16_0,20200311_141644_,2020-03-11 14:16:44,0.7701981663703918,-12.310175202942537,-76.9975879078904,[ 87.1857    38.391132 100.75017   68.435745],3667.8528141774586,90.13383865356444,40.69340515136719,98.89419645884233
20200311_141644__11_4_0,20200311_141644_,2020-03-11 14:16:44,0.5851869583129883,-12.331482386467444,-77.09567579679974,[124.93867 255.11949 136.85257 281.64853],2844.579241247499,79.58711242675781,35.74170684814453,87.24435840126334
20200312_145603__14_28_0,20200312_145603_,2020-03-12 14:56:03,0.7145212292671204,-12.307265422527633,-77.10721137511135,[  1.7321262 162.73201    55.388664  174.20296  ],5539.422058593482,160.96961975097656,34.412841796875,164.6069930571321
20200312_145604__6_19_0,20200312_145604_,2020-03-12 14:56:04,0.7423467636108398,-12.309442912422393,-77.19421040957127,[  9.209984 268.32867   28.637718 293.7556  ],4445.89068710804,76.28082275390625,58.283203125,95.99841502088913
20200312_145604__13_19_0,20200312_145604_,2020-03-12 14:56:04,0.7003743052482605,-12.359068949908949,-77.18815060641336,[209.18213    7.658929 298.10867   25.736862],14468.473982544385,266.77963256835943,54.233802795410156,272.2364371625523
20200312_145604__14_28_0,20200312_145604_,2020-03-12 14:56:04,0.9430067539215088,-12.372030225464053,-77.12017513839034,[  0.       168.91898   62.596523 182.89923 ],7876.038290249999,187.78956985473636,41.940765380859375,192.41608650775328
20200312_145605__14_28_0,20200312_145605_,2020-03-12 14:56:05,0.901810109615326,-12.437040197669175,-77.13291299538629,[  0.7254982 176.39462    58.522625  190.39948  ],7284.962011364986,173.3913803100586,42.014556884765625,178.40906298742388
20200312_145606__14_28_0,20200312_145606_,2020-03-12 14:56:06,0.921697437763214,-12.501799755102546,-77.14540029680414,[  0.       183.40204   86.562225 201.88458 ],14399.011204954237,259.68667602539057,55.4476318359375,265.5402221534994
20200313_152736_15__19_2_0,20200313_152736_15_,2020-03-13 15:27:36,0.7078292965888977,-12.314586828277529,-77.16123166030644,[208.07568     6.8217726 299.         27.327385 ],16780.128307437524,272.77294921875,61.5168342590332,279.6236805471742
20200313_152736_15__20_19_0,20200313_152736_15_,2020-03-13 15:27:36,0.9206557273864746,-12.325835437035515,-77.02403344241306,[140.06007  72.67303 158.50175 115.64982],7133.078458100092,128.93037414550778,55.32504272460938,140.2993290425171
20200313_152738_19__13_16_0,20200313_152738_19_,2020-03-13 15:27:38,0.5420717000961304,-12.403406698759824,-77.07692857485473,[ 49.98073 277.91864  78.69667 289.76514],3061.6498195901513,86.1478271484375,35.53948974609375,93.19068329940374
20200313_152738_19__14_18_0,20200313_152738_19_,2020-03-13 15:27:38,0.5714356303215027,-12.40866324302758,-77.06035510468945,[ 62.231995 158.72758   75.12172  189.37904 ],3555.799792009871,91.95437622070312,38.66917419433594,99.7542597537093
20200313_152740_23__7_28_0,20200313_152740_23_,2020-03-13 15:27:40,0.7688749432563782,-12.48459435896893,-76.9977946526316,[262.7314  268.9783  272.55826 281.42947],1101.201429963112,37.353515625,29.48052978515625,47.58557308639462
20200313_152740_23__12_5_0,20200313_152740_23_,2020-03-13 15:27:40,0.5256343483924866,-12.520944969317055,-77.19500063017597,[  1.8389869 167.5204     15.261606  187.61656  ],2427.687974500121,60.28848266601562,40.26785659790039,72.49966494515361
20200315_150651__8_21_0,20200315_150651_,2020-03-15 15:06:51,0.5300970077514648,-12.325642455940251,-76.95604971653795,[137.86511   46.226166 149.07343   73.29071 ],2730.1309887003154,81.19363403320312,33.62493896484375,87.88084391895191
20200315_150654__3_10_0,20200315_150654_,2020-03-15 15:06:54,0.6889858245849609,-12.42408308703266,-77.07569781774818,[ 52.664284 146.24393   61.13436  173.94135 ],2111.393512969371,83.09225463867188,25.41023254394531,86.89075151519444
20200315_150654__6_16_0,20200315_150654_,2020-03-15 15:06:54,0.7168174386024475,-12.447163127955072,-77.02553711522127,[ 82.61449  87.45435  92.78717 113.17216],2354.5717695043427,77.15341186523438,30.518051147460934,82.96987651121056
20200315_150654__8_21_0,20200315_150654_,2020-03-15 15:06:54,0.9023718237876892,-12.46281672691596,-76.98293068703549,[136.62727   53.723083 145.99626   82.23903 ],2404.489964790177,85.54783630371094,28.106964111328125,90.04684185357091
20200316_141420__8_5_0,20200316_141420_,2020-03-16 14:14:20,0.6196098923683167,-12.468520098088286,-76.9566502015547,[214.7222  103.04518 227.96225 131.46107],3386.0509878024463,85.2476806640625,39.72015380859375,94.04710350234248
20200317_141411__8_1_0,20200317_141411_,2020-03-17 14:14:11,0.7467498183250427,-12.444561483839193,-76.95329844128158,[242.83243 142.06918 251.79913 165.45279],1887.0651358980685,70.15081787109375,26.900115966796875,75.13157450107435
20200318_150411__1_1_0,20200318_150411_,2020-03-18 15:04:11,0.6076215505599976,-12.319523745993619,-76.93462714609177,[231.55533 122.69148 277.7523  134.25148],4806.330750066787,138.59088134765622,34.67999267578125,142.86404125850692
20200318_150413__3_1_0,20200318_150413_,2020-03-18 15:04:13,0.7339832186698914,-12.473203283571706,-76.96538493418554,[125.32497 168.21716 136.79323 198.40509],3115.827453643084,90.56378173828124,34.40478515625,96.87872730577524
20200318_150413__6_2_0,20200318_150413_,2020-03-18 15:04:13,0.9744797348976136,-12.497344777450076,-76.95369645017628,[256.81274 157.1489  267.64636 189.8996 ],3193.2773913256824,98.25210571289062,32.5008544921875,103.48807573696294
20200319_151205__6_20_0,20200319_151205_,2020-03-19 15:12:05,0.771239161491394,-12.319108362160033,-76.98328046529045,[242.26273 264.58545 252.24054 291.46942],2414.1893972810362,80.65191650390625,29.93344116210937,86.02756846243261
20200319_151205__7_6_0,20200319_151205_,2020-03-19 15:12:05,0.5028448104858398,-12.32316455376674,-77.1032010226224,[ 74.8559  156.62485  96.33962 166.84375],1975.8602734138253,64.45115661621094,30.656707763671875,71.37075955932184
20200319_151205__8_7_0,20200319_151205_,2020-03-19 15:12:05,0.7298827171325684,-12.334668652014098,-77.08942827651722,[283.4566  270.87857 295.2807  295.38956],2608.382448524237,73.532958984375,35.4722900390625,81.64177495383811
20200319_151205__9_4_0,20200319_151205_,2020-03-19 15:12:05,0.7519105672836304,-12.339807083393275,-77.11904499183122,[ 99.70568 166.91177 128.02534 197.2609 ],7735.292209032924,91.04736328125,84.95899200439453,124.52972610132363
20200319_151205__9_4_1,20200319_151205_,2020-03-19 15:12:05,0.5019729137420654,-12.337400908811462,-77.11878506515238,[117.24782   84.66581  127.93138  101.862404],1653.4881173428146,51.58978271484375,32.050689697265625,60.73510015333143
20200319_151205__9_8_0,20200319_151205_,2020-03-19 15:12:05,0.6413055658340454,-12.340617931800654,-77.08247073709782,[237.04384 193.33585 251.70522 209.85507],2179.7514040321107,49.55767822265625,43.984130859375,66.26135554208774
20200319_151205__10_3_0,20200319_151205_,2020-03-19 15:12:05,0.8818979263305664,-12.343342708729464,-77.12316102965688,[230.2779     4.977276 299.        24.370148],11994.47112136404,206.16632080078125,58.17861557006836,214.21788707337313
20200319_151205__10_5_0,20200319_151205_,2020-03-19 15:12:05,0.6481070518493652,-12.343820861652675,-77.1084618137422,[192.06126   17.72907  207.55211   38.470467],2891.7156967066685,62.22418785095215,46.4725341796875,77.66302844206376
20200319_151206__1_7_0,20200319_151206_,2020-03-19 15:12:06,0.8587838411331177,-12.3437950826443,-77.10848233509964,[ 66.09596  187.64478   78.014145 208.66486 ],2254.690383179113,63.06024169921875,35.754547119140625,72.49125273340732
20200319_151206__4_10_0,20200319_151206_,2020-03-19 15:12:06,0.5512992739677429,-12.366564164940591,-77.07958113583645,[222.16872 125.87141 237.01472 139.61617],1836.4932032064532,44.53802490234375,41.234275817871094,60.6951494307911
20200319_151206__4_11_0,20200319_151206_,2020-03-19 15:12:06,0.6451443433761597,-12.367603773352213,-77.07327714976898,[143.25214 163.2954  175.67035 175.329  ],3510.97021702677,97.254638671875,36.10079956054688,103.73877034218087
20200319_151206__5_9_0,20200319_151206_,2020-03-19 15:12:06,0.6200888752937317,-12.37730895081937,-77.09232158655995,[ 51.71733  224.01143   87.769424 243.27913 ],6251.768361758441,108.15628051757812,57.8031005859375,122.63351684080929
20200319_151206__5_12_0,20200319_151206_,2020-03-19 15:12:06,0.6506009101867676,-12.372934408306525,-77.06308758506721,[226.7645    53.274353 236.09998   74.845825],1812.420371761545,64.71441650390625,28.00643920898437,70.51465337507936
20200319_151206__5_13_0,20200319_151206_,2020-03-19 15:12:06,0.5663673877716064,-12.372762445826039,-77.05451250478195,[230.7847    41.828224 255.79764   68.81756 ],6075.743218962103,80.96800231933594,75.038818359375,110.39312324757944
20200319_151206__5_16_0,20200319_151206_,2020-03-19 15:12:06,0.5247373580932617,-12.374163169784431,-77.03124506724453,[175.93935   92.537346 204.63438  108.5346  ],4131.376129740849,86.08511352539062,47.99176025390625,98.55889519950905
20200319_151206__7_4_0,20200319_151206_,2020-03-19 15:12:06,0.657913088798523,-12.38866116540777,-77.13077116884598,[160.78429   61.182186 187.20314   69.56664 ],1993.5696031426776,79.25656127929688,25.15336990356445,83.1522370313901
20200319_151206__7_14_0,20200319_151206_,2020-03-19 15:12:06,0.5693835616111755,-12.39035963182794,-77.04744770068973,[192.05365   97.841675 218.77579  110.90796 ],3142.431376431137,80.16641235351562,39.1988525390625,89.23678451184281
20200319_151206__8_6_0,20200319_151206_,2020-03-19 15:12:06,0.5354519486427307,-12.395950613220208,-77.11214755016319,[242.00903   17.376213 264.67996   42.357784],5097.198832244729,74.9447135925293,68.01278686523439,101.20498640206442
20200319_151206__9_6_0,20200319_151206_,2020-03-19 15:12:06,0.5406487584114075,-12.408834776359825,-77.11720427457567,[ 67.25459 201.47357  80.31671 213.5911 ],1424.5247182049786,39.18635559082031,36.35256958007813,53.45165834251203
20200319_151206__9_15_0,20200319_151206_,2020-03-19 15:12:06,0.5443509817123413,-12.407557538961367,-77.04399366937277,[ 30.065235 132.75491   42.933544 146.65671 ],1610.0332804606296,41.70538330078125,38.60492706298828,56.83026825384276
20200319_151206__9_17_0,20200319_151206_,2020-03-19 15:12:06,0.6873807907104492,-12.410361015028036,-77.02323346782646,[178.98573 229.58038 204.77232 245.13992],3611.047340207733,77.35977172851562,46.67861938476562,90.35168946708114
20200319_151206__9_19_0,20200319_151206_,2020-03-19 15:12:06,0.5730413794517517,-12.406648071928101,-77.01158057085999,[  3.3758268  84.88698    27.17545   109.56183  ],5285.268932699226,74.02455139160156,71.39886474609375,102.8466435804244
20200319_151206__10_3_0,20200319_151206_,2020-03-19 15:12:06,0.7626333832740784,-12.411594544603954,-77.13687192328973,[218.15819     6.0860157 299.         25.942007 ],14446.74891186232,242.5254364013672,59.56797409057617,249.73371986764053
20200319_151206__10_15_0,20200319_151206_,2020-03-19 15:12:06,0.7076750993728638,-12.416874934332414,-77.03837248827334,[236.41301 171.9967  249.40126 193.57797],2522.726315469481,64.74380493164061,38.964752197265625,75.5646226141615
20200319_151206__10_16_0,20200319_151206_,2020-03-19 15:12:06,0.7009806036949158,-12.415135025658135,-77.0329898358865,[130.88423  108.607025 146.19875  125.643555],2348.1555560622364,51.10958862304688,45.94354248046875,68.72407980374652
20200319_151206__10_16_1,20200319_151206_,2020-03-19 15:12:06,0.5139845609664917,-12.4182636836,-77.03389530350267,[ 97.335495 227.5674   115.861984 237.96468 ],1733.625504590571,55.5794677734375,31.19183349609375,63.733882000287835
20200319_151206__13_19_0,20200319_151206_,2020-03-19 15:12:06,0.8284529447555542,-12.436820820841767,-77.00469665953538,[247.41167     3.2292938 299.         21.067678 ],8282.272758331586,154.76499938964844,53.5151538848877,163.75615020939242
20200319_151207__10_3_0,20200319_151207_,2020-03-19 15:12:07,0.5052694082260132,-12.480503301180017,-77.1506467303456,[202.5287      7.7719803 299.         27.589596 ],17206.479861634027,289.4138946533203,59.45284652709961,295.4573461239
20200319_151207__13_19_0,20200319_151207_,2020-03-19 15:12:07,0.8244942426681519,-12.505693918446054,-77.01826818576606,[244.21124    2.358881 299.        21.66535 ],9519.996985519538,164.36627197265625,57.91940689086914,174.27257115443973
20200319_151208__5_17_0,20200319_151208_,2020-03-19 15:12:08,0.5731717944145203,-12.515300132379224,-77.05064351850116,[166.15291 202.03377 178.10939 232.63728],3293.1934350728993,91.810546875,35.86944580078125,98.56872556516979
20200319_151208__6_13_0,20200319_151208_,2020-03-19 15:12:08,0.6092590093612671,-12.525000574448368,-77.08208600774766,[225.94792 274.66437 237.16096 295.3858 ],2091.1531699821358,62.164306640625,33.639129638671875,70.68233204243495
20200319_151208__8_11_0,20200319_151208_,2020-03-19 15:12:08,0.8349023461341858,-12.537001298927619,-77.09696772339089,[288.61603 123.10172 299.      144.7348 ],2021.7356616114264,64.89923858642578,31.15191650390625,71.98856208429339
20200319_151208__8_11_1,20200319_151208_,2020-03-19 15:12:08,0.7621592283248901,-12.539075700824487,-77.10199267193906,[ 92.20263 181.97688 132.4733  241.77959],21674.653508932097,179.40811157226562,120.81200408935548,216.29334439601453
20200319_151208__8_16_0,20200319_151208_,2020-03-19 15:12:08,0.6166911125183105,-12.53798703912217,-77.06332233655783,[ 12.1619625 132.24036    24.285559  189.08539  ],6202.495892543346,170.53509521484375,36.37078857421875,174.37044750027553
20200319_151208__9_17_0,20200319_151208_,2020-03-19 15:12:08,0.6096579432487488,-12.545083809708315,-77.05534765733485,[  3.9076548  99.57827    16.530987  142.72867  ],4902.3162370501295,129.4511947631836,37.86999607086181,134.87678980470577
20200322_141141__5_4_0,20200322_141141_,2020-03-22 14:11:41,0.9783902168273926,-12.371879888903859,-76.9510925194757,[262.43112 195.4258  270.8652  223.9309 ],2163.728894814849,85.51528930664062,25.30224609375,89.17997736368366
20200322_141141__10_3_0,20200322_141141_,2020-03-22 14:11:41,0.8839943408966064,-12.411413732024016,-76.96082407631094,[218.94113 162.09062 228.14032 188.45589],2182.8513109004125,79.09579467773438,27.597564697265625,83.7721332718827
20200322_141142__9_3_0,20200322_141142_,2020-03-22 14:11:42,0.9605164527893066,-12.340263011275725,-76.97829009252416,[  6.5813465 139.23286    19.362421  168.53246  ],3370.3223122379277,87.89877319335938,38.343223571777344,95.89784733127712
20200322_141142__10_3_0,20200322_141142_,2020-03-22 14:11:42,0.9388197660446168,-12.34880434100357,-76.97261594980118,[215.40726 154.77881 226.6636  181.96606],2754.262833952904,81.561767578125,33.76904296875,88.27610205199008
20200323_143605_15__28_24_0,20200323_143605_15_,2020-03-23 14:36:05,0.5085616111755371,-12.517114057504596,-77.12079495933916,[187.5537     9.301413 297.50305   27.303701],17814.06057175761,329.8480682373047,54.00686645507813,334.24016775991817
20200324_150743__9_10_0,20200324_150743_,2020-03-24 15:07:43,0.7152142524719238,-12.326314131174593,-76.96775815617434,[ 50.239037  46.84278   73.92763  102.42623 ],11850.242590145557,166.75035095214844,71.0657730102539,181.262306164877
20200324_150743__10_11_0,20200324_150743_,2020-03-24 15:07:43,0.5001794099807739,-12.339501389828358,-76.95926500701538,[ 66.329605 240.29381   82.8949   279.1583  ],5794.214260056848,116.5934600830078,49.69587707519531,126.74271234434292
20200324_150744__2_12_0,20200324_150744_,2020-03-24 15:07:44,0.524731457233429,-12.339650202842696,-76.95935379447008,[199.95901 158.71916 220.90692 203.75645],8490.932924671099,135.11187744140622,62.84371948242188,149.01192067793403
20200324_150744__4_11_0,20200324_150744_,2020-03-24 15:07:44,0.637468159198761,-12.351068797262313,-76.97218273354494,[16.976006  0.       77.74072  15.540963],8499.080076258811,182.29415130615237,46.62288951873779,188.1617693037212
20200324_150744__5_13_0,20200324_150744_,2020-03-24 15:07:44,0.6722370982170105,-12.365517041444654,-76.95270921947244,[151.47179 225.5224  167.16978 247.36777],3086.3568174764514,65.53610229492189,47.093994140625,80.70207548835215
20200324_150744__6_13_0,20200324_150744_,2020-03-24 15:07:44,0.53542560338974,-12.369103062822518,-76.95483834855798,[77.414955 53.98857  88.77276  86.53403 ],3326.8039942241744,97.63636779785156,34.073410034179695,103.41110959715442
20200324_150744__7_12_0,20200324_150744_,2020-03-24 15:07:44,0.580838680267334,-12.377820028597784,-76.95766769821512,[274.88144  78.24101 288.8563  108.74646],3836.7824280448262,91.51634216308594,41.924560546875,100.66235473085064
20200324_150744__7_13_0,20200324_150744_,2020-03-24 15:07:44,0.9750850796699524,-12.376861261302647,-76.95584475511038,[37.606064 46.139477 59.793327 69.1613  ],4597.121452368825,69.06547164916992,66.56179046630861,95.91929589088457
20200324_150744__7_13_1,20200324_150744_,2020-03-24 15:07:44,0.8620466589927673,-12.376409418797257,-76.95357396907434,[119.00822   23.800177 142.79977   56.968254],7102.08153586008,99.50422668457031,71.37467193603516,122.45584886836153
20200324_150744__7_13_2,20200324_150744_,2020-03-24 15:07:44,0.5437512397766113,-12.378078305662706,-76.9529482852767,[145.30585  94.23503 162.76956 109.29866],2367.602282851003,52.39114379882813,45.19088745117188,69.18849801212606
20200324_150744__9_12_0,20200324_150744_,2020-03-24 15:07:44,0.5127310752868652,-12.396026953534141,-76.96473821410883,[ 22.118473 141.58269   38.826317 196.11794 ],8200.497607379104,163.60574340820312,50.12353134155274,171.11168186391723
20200324_150744__10_11_0,20200324_150744_,2020-03-24 15:07:44,0.5990408658981323,-12.400094701233563,-76.9669487947302,[241.77534     3.7992363 259.10574    37.121605 ],5197.409362486505,99.96710586547852,51.99119567871094,112.67877654297547
20200324_150744__10_13_0,20200324_150744_,2020-03-24 15:07:44,0.5219553709030151,-12.400027786263328,-76.95281370547144,[157.2538      1.4596462 172.4233     26.994781 ],3486.1958758259425,76.60540580749513,45.50848388671875,89.10336864899524
20200324_150744__10_14_0,20200324_150744_,2020-03-24 15:07:44,0.624646782875061,-12.400714246057785,-76.94307193219923,[212.51617   24.24562  225.83026   49.683365],3048.1230274736877,76.313232421875,39.9422607421875,86.13416067897803
20200324_150744__10_15_0,20200324_150744_,2020-03-24 15:07:44,0.6579031944274902,-12.404077783614376,-76.94067431041498,[  3.9481745 153.03627    12.035711  167.7199   ],1068.7891661558824,44.050872802734375,24.26261043548584,50.29069158230805
20200324_150744__11_14_0,20200324_150744_,2020-03-24 15:07:44,0.5768418312072754,-12.40947835210932,-76.94366212941414,[194.88104   47.151634 205.38773   75.52643 ],2683.1247816157997,85.12438201904297,31.520050048828125,90.77264989634595
20200324_150745__3_16_0,20200324_150745_,2020-03-24 15:07:45,0.5446158647537231,-12.412898355168483,-76.94482369872775,[  1.1325035  75.2592     14.764126  100.29164  ],3071.0949319666247,75.09732055664062,40.894866943359375,85.5102198400981
20200324_150745__4_15_0,20200324_150745_,2020-03-24 15:07:45,0.6802288889884949,-12.42454642259788,-76.9512399773124,[ 67.995186 207.8285    87.0245   232.28484 ],4188.48412289517,73.36898803710938,57.08793640136719,92.96257789108499
20200324_150745__5_4_0,20200324_150745_,2020-03-24 15:07:45,0.61009281873703,-12.430951819143214,-77.04191949582149,[ 77.78343  173.3526    84.833115 190.55563 ],1091.483332704753,51.60910034179688,21.1490478515625,55.7743799886412
20200324_150745__6_16_0,20200324_150745_,2020-03-24 15:07:45,0.7704696655273438,-12.441286671402645,-76.94016399971242,[178.94077 224.70549 190.04129 248.29341],2356.544754339382,70.76376342773438,33.30157470703125,78.20808840794116
20200324_150745__7_11_0,20200324_150745_,2020-03-24 15:07:45,0.7366315126419067,-12.44412813599111,-76.98615194403538,[ 7.5830297 38.505447  19.23463   70.70268  ],3376.343983945524,96.59170532226562,34.95480251312256,102.72193415135249
20200324_150745__9_16_0,20200324_150745_,2020-03-24 15:07:45,0.8934370279312134,-12.463670382428436,-76.93852664856556,[242.19777 137.72913 257.52637 191.41882],7406.890085991472,161.069091796875,45.98579406738281,167.50506138107554
20200324_150745__11_17_0,20200324_150745_,2020-03-24 15:07:45,0.8931432962417603,-12.476914055594136,-76.93483927234551,[83.271095 42.50674  92.855156 65.53868 ],1986.6556322472754,69.09582138061522,28.752182006835934,74.83929784823013
20200324_150746__3_8_0,20200324_150746_,2020-03-24 15:07:46,0.6416175365447998,-12.482113723472102,-77.01592129667621,[282.89893 176.31734 295.15967 201.06383],2730.6930582225323,74.23947143554688,36.7822265625,82.85186364786529
20200324_150746__3_8_1,20200324_150746_,2020-03-24 15:07:46,0.6408325433731079,-12.484162077936736,-77.02032990848204,[116.866165 258.2746   142.79848  272.6333  ],3351.189439650625,77.79693603515625,43.07611083984375,88.92645602712781
20200324_150746__3_9_0,20200324_150746_,2020-03-24 15:07:46,0.589290976524353,-12.48434800255126,-77.01497309484743,[  8.187098 246.25717   41.852516 295.40817 ],14892.202057102695,147.4530029296875,100.99626159667969,178.72502043498943
20200324_150746__3_10_0,20200324_150746_,2020-03-24 15:07:46,0.6690943837165833,-12.483621978233273,-77.00565622246022,[ 42.986732 232.92435   83.946465 250.06348 ],6318.127419005614,122.8791961669922,51.41738891601562,133.20302073747035
20200324_150746__3_14_0,20200324_150746_,2020-03-24 15:07:46,0.855240523815155,-12.478811537050223,-76.96647866673048,[278.84433   39.576447 293.06564   67.30333 ],3548.81424546428,83.18064880371094,42.6639404296875,93.48386036313552
20200324_150746__4_7_0,20200324_150746_,2020-03-24 15:07:46,0.61971515417099,-12.486351102147925,-77.0291460564377,[ 93.34093   25.534447 126.54906   73.72708 ],14403.48541750107,144.5779037475586,99.6243896484375,175.5784419137555
20200324_150746__4_10_0,20200324_150746_,2020-03-24 15:07:46,0.7248106598854065,-12.48921919438006,-77.0061164449067,[ 24.237349 123.191574  72.46508  174.91377 ],22449.997918118024,155.16659545898438,144.68318939208984,212.15536203216607
20200324_150746__5_7_0,20200324_150746_,2020-03-24 15:07:46,0.9317626357078552,-12.496413601606825,-77.03187304308764,[  3.6902494 108.34481    24.239223  136.67851  ],5240.056333948451,85.00110626220703,61.64691925048828,105.0025272023261
20200324_150746__5_10_0,20200324_150746_,2020-03-24 15:07:46,0.620233952999115,-12.500407812285848,-77.00649381890311,[ 26.406456 251.53134   49.199577 274.08292 ],4626.187007920817,68.37936401367189,67.65472412109375,96.19199092863995
20200324_150746__5_13_0,20200324_150746_,2020-03-24 15:07:46,0.8975419998168945,-12.495537611134925,-76.97987749443584,[ 95.46591   54.34323  112.5007    97.506424],6617.4833330567935,129.48957824707028,51.1043701171875,139.2092221071529
20200324_150746__5_13_1,20200324_150746_,2020-03-24 15:07:46,0.5431616306304932,-12.50120688158928,-76.9804785217853,[ 67.63217 275.67236  99.90321 294.67743],5519.81950184796,96.81312561035156,57.01519775390625,112.35441275429615
20200324_150746__5_13_2,20200324_150746_,2020-03-24 15:07:46,0.5215771198272705,-12.497458258321648,-76.97490825603917,[278.7409  132.17723 290.4375  158.6515 ],2786.929533066228,79.42282104492188,35.08978271484375,86.8290121659151
20200324_150746__5_14_0,20200324_150746_,2020-03-24 15:07:46,0.541037917137146,-12.501453375919942,-76.9670323218306,[257.48694 283.4211  286.6986  297.84073],3790.989750757814,87.635009765625,43.25885009765625,97.7303588880788
20200324_150746__5_15_0,20200324_150746_,2020-03-24 15:07:46,0.5024665594100952,-12.499418520555803,-76.9595091517447,[236.46019 199.74768 253.85289 227.37595],4324.771230172366,82.88479614257812,52.1781005859375,97.94102109102674
20200324_150746__6_2_0,20200324_150746_,2020-03-24 15:07:46,0.53179931640625,-12.502378213250847,-77.07020811833027,[117.53939  44.06162 125.32148  64.4742 ],1429.6725721334226,61.23773574829102,23.34626770019531,65.53707725483875
20200324_150746__6_9_0,20200324_150746_,2020-03-24 15:07:46,0.7300965189933777,-12.503465009707911,-77.0144018260484,[45.034203 65.02697  57.141632 92.450066],2988.208782160655,82.269287109375,36.3222885131836,89.93077473434622
20200324_150746__6_9_1,20200324_150746_,2020-03-24 15:07:46,0.5361893177032471,-12.50532921348378,-77.00871583029536,[248.55821 136.85832 266.76013 154.99388],2970.9178875731304,54.60575866699219,54.40667724609375,77.08356120833032
20200324_150746__6_9_2,20200324_150746_,2020-03-24 15:07:46,0.5290026664733887,-12.50354345923594,-77.01458539186244,[36.13577  70.481834 52.779995 92.88319 ],3355.678492826409,67.20405578613281,49.93267822265625,83.7236971746529
20200324_150746__7_8_0,20200324_150746_,2020-03-24 15:07:46,0.561113178730011,-12.51538966997581,-77.02223326706309,[ 53.67374  210.36404   85.635605 233.04623 ],6524.685727403266,95.88559341430664,68.04656982421875,117.57713506143958
20200324_150746__7_11_0,20200324_150746_,2020-03-24 15:07:46,0.8907291889190674,-12.516233252504492,-76.99582850201912,[120.99256 235.4644  138.408   255.62376],3159.7581790122204,60.47808837890625,52.24633026123047,79.92044919626241
20200324_150746__7_11_1,20200324_150746_,2020-03-24 15:07:46,0.826302170753479,-12.51700641739884,-76.99168720217071,[265.48465 253.84717 294.47287 292.00702],9955.675496745856,114.47955322265624,86.96466064453125,143.76515679077968
20200324_150746__7_12_0,20200324_150746_,2020-03-24 15:07:46,0.94025057554245,-12.515713466236274,-76.98962148894461,[ 41.34318 187.54768  69.60141 261.80807],18886.203803920944,222.7811737060547,84.77468490600586,238.3656824267283
20200324_150746__7_12_1,20200324_150746_,2020-03-24 15:07:46,0.8268791437149048,-12.513506751523671,-76.98771033266136,[111.92382 111.6608  136.30133 173.8812 ],13651.005398546811,186.66119384765625,73.13253021240234,200.47635337839785
20200324_150746__7_13_0,20200324_150746_,2020-03-24 15:07:46,0.5611860752105713,-12.514842277731411,-76.97654677773701,[218.5757  175.7371  241.43147 202.24852],5453.449875947088,79.53424072265625,68.56732177734375,105.0103474094207
20200324_150746__8_11_0,20200324_150746_,2020-03-24 15:07:46,0.9719261527061462,-12.522046621083893,-76.99730821057373,[ 54.298126 137.01247  101.10681  185.69362 ],20508.30666209757,146.04345703125,140.42605590820312,202.60347607968714
20200324_150746__8_11_1,20200324_150746_,2020-03-24 15:07:46,0.772083044052124,-12.520459023539589,-76.99695270040299,[ 84.11447  85.59277  96.16913 119.8136 ],3712.68278446421,102.6624755859375,36.163970947265625,108.84583909414216
20200324_150746__8_11_2,20200324_150746_,2020-03-24 15:07:46,0.5458899140357971,-12.521709372996936,-76.99257113228165,[227.1278  129.92566 271.38623 165.31161],14095.139357429,132.7752685546875,106.15786743164062,169.99636689471683
20200324_150746__9_4_0,20200324_150746_,2020-03-24 15:07:46,0.7131679654121399,-12.528655592978964,-77.04929455226072,[283.90363 107.29667 293.76703 133.77524],2350.51925125625,79.43570709228516,29.5902099609375,84.76798975311192
20200324_150746__10_17_0,20200324_150746_,2020-03-24 15:07:46,0.5768107771873474,-12.535194079148756,-76.94211972615962,[279.18344   0.      294.81693  66.64218],9376.64522133954,199.92654418945312,46.90045166015625,205.35402464394022
20200324_150746__11_14_0,20200324_150746_,2020-03-24 15:07:46,0.6377695202827454,-12.544511973389245,-76.97169307810091,[103.39994  71.95114 126.70623  99.88435],5859.175832075765,83.79963684082031,69.91886901855469,109.13765335340125
20200324_150747__2_4_0,20200324_150747_,2020-03-24 15:07:47,0.7681902647018433,-12.537908992704017,-77.06969096134459,[  2.2788644 109.90993    10.59812   131.27391  ],1599.5919724559644,64.09194946289061,24.957767486572266,68.77985274677118
20200325_150519__3_2_0,20200325_150519_,2020-03-25 15:05:19,0.6393610835075378,-12.369479200840011,-77.00887653070538,[ 85.52497 266.91788  96.44622 288.39468],2110.9820527397096,64.430419921875,32.763748168945305,72.28237824938533
20200325_150519__6_1_0,20200325_150519_,2020-03-25 15:05:19,0.6824154853820801,-12.388545503958364,-77.01251350982669,[238.66354   61.702187 288.17307  107.968346],20615.53856276348,148.528564453125,138.79847717285156,203.28736243064571
20200325_150519__6_3_0,20200325_150519_,2020-03-25 15:05:19,0.6851439476013184,-12.386684288831383,-77.00295301935141,[ 1.1167383  0.        21.900162  27.170061 ],5082.182193962582,81.5101833343506,62.35027313232422,102.62293382511962
20200325_150519__9_7_0,20200325_150519_,2020-03-25 15:05:19,0.6247709393501282,-12.41140923355184,-76.96366615389852,[194.38898    8.310421 298.64038   27.421581],17931.28758683335,312.75421142578125,57.33348083496094,317.9659176534729
20200325_150520__2_4_0,20200325_150520_,2020-03-25 15:05:20,0.6719924211502075,-12.405702708198133,-77.00033001790528,[220.1417    29.650517 231.58212   52.92824 ],2396.764607951045,69.83317565917969,34.3212890625,77.81145998860019
20200325_150520__5_6_0,20200325_150520_,2020-03-25 15:05:20,0.6094861030578613,-12.431778869640885,-76.98823921347801,[ 58.27493   96.19865   88.42239  109.239235],3538.266106508905,90.4423942565918,39.12176513671875,98.54105330407917
20200325_150520__7_3_0,20200325_150520_,2020-03-25 15:05:20,0.5470598936080933,-12.450718082297294,-77.01487970045822,[  4.720925 198.8195    15.247335 222.1563  ],2210.873987252125,70.0103759765625,31.579233169555664,76.80299936823303
20200325_150520__9_3_0,20200325_150520_,2020-03-25 15:05:20,0.6770555973052979,-12.464288672890813,-77.01008108881531,[179.2581  101.62509 196.14372 121.71718],3053.406104380265,60.27626037597656,50.6568603515625,78.73591979262214
20200325_150520__9_3_1,20200325_150520_,2020-03-25 15:05:20,0.575693666934967,-12.461675921876578,-77.01214744269201,[108.052765    6.0818644 116.10419    25.672054 ],1419.5600660647033,58.77057266235352,24.154266357421875,63.540607443793434
20200325_150520__9_8_0,20200325_150520_,2020-03-25 15:05:20,0.7109299302101135,-12.463677378141528,-76.97374130064783,[ 4.616016 67.292854 14.581633 91.186424],2143.0273352264485,71.68070983886719,29.89684867858887,77.66560193492556
20200325_150520__10_10_0,20200325_150520_,2020-03-25 15:05:20,0.559290885925293,-12.475101426992131,-76.95498497691655,[ 88.48299 183.22214 100.48132 209.83572],2873.8689586138353,79.84075927734375,35.99501037597656,87.5796072950171
20200325_150520__11_8_0,20200325_150520_,2020-03-25 15:05:20,0.561827540397644,-12.478039231740173,-76.9663944179376,[261.81885     1.1400294 297.77496    16.728508 ],5044.510098772589,107.86834716796876,46.76543426513672,117.56949503487824
20200325_150521__3_6_0,20200325_150521_,2020-03-25 15:05:21,0.5715585947036743,-12.48423424628599,-77.00211871374782,[ 34.605347 222.09808   51.072144 248.11285 ],3855.419475317001,78.0443115234375,49.400390625,92.36510788750235
20200325_150521__4_13_0,20200325_150521_,2020-03-25 15:05:21,0.6477254629135132,-12.487494615845444,-76.94181256004133,[129.34047   24.692287 143.07726   55.470104],3805.0945121166296,92.3334503173828,41.210357666015625,101.11260864241181
20200325_150521__4_13_1,20200325_150521_,2020-03-25 15:05:21,0.5364340543746948,-12.489904333859904,-76.93799597942609,[267.71573 115.91284 282.61923 139.96402],3226.021318880841,72.15353393554688,44.71051025390625,84.8832267680298
20200325_150521__5_5_0,20200325_150521_,2020-03-25 15:05:21,0.6329482197761536,-12.501334198359071,-77.0046105045922,[248.8735  259.07898 263.7465  277.8333 ],2510.396428707987,56.26300048828125,44.61895751953125,71.80791456430183
20200325_150521__6_5_0,20200325_150521_,2020-03-25 15:05:21,0.5173659920692444,-12.508601750064768,-77.00655680070717,[181.78181 227.52155 193.8444  248.534  ],2281.181544072926,63.037353515625,36.18777465820313,72.6860576243255
20200325_150521__6_7_0,20200325_150521_,2020-03-25 15:05:21,0.5929551124572754,-12.5091332685549,-76.99477460820232,[  2.5142603 220.08347    31.31192   288.71747  ],17788.488575233383,205.90200805664062,86.39298248291016,223.2921502069639
20200325_150521__6_10_0,20200325_150521_,2020-03-25 15:05:21,0.5507878661155701,-12.506422109476544,-76.96738098071154,[106.4308  132.29839 117.2115  161.6504 ],2847.918104292825,88.05606079101562,32.34210205078125,93.8076830920271
20200325_150521__7_3_0,20200325_150521_,2020-03-25 15:05:21,0.7098563909530641,-12.515845364715874,-77.02166732654845,[230.75914 198.54274 249.8228  222.16731],4053.337333034724,70.87371826171875,57.19097900390625,91.07080772490563
20200325_150521__7_3_1,20200325_150521_,2020-03-25 15:05:21,0.6431372165679932,-12.512968052354507,-77.02276817337959,[188.55362  92.33629 210.62238 116.74396],4847.822061330547,73.22300720214844,66.20626831054689,98.71615241354378
20200325_150521__7_6_0,20200325_150521_,2020-03-25 15:05:21,0.5715158581733704,-12.510929419114774,-77.00014313031363,[107.74689     8.0431185 136.00404    38.18537  ],7665.609430558921,90.42676162719728,84.77146911621094,123.94838116935075
20200325_150521__8_5_0,20200325_150521_,2020-03-25 15:05:21,0.6157345771789551,-12.523460121388311,-77.01166701940055,[  2.0234375 180.32104    11.585114  198.54544  ],1568.3019114481283,54.67318725585938,28.685028076171875,61.74130092932148
20200325_150521__8_5_1,20200325_150521_,2020-03-25 15:05:21,0.5961393117904663,-12.518541442844047,-77.01148536515035,[ 4.3821187  1.2151918 19.628399  14.734817 ],1855.1159359671365,45.73884201049805,40.55887413024902,61.13152982851553
20200325_150521__8_5_2,20200325_150521_,2020-03-25 15:05:21,0.5901049971580505,-12.525129835129187,-77.0076003812537,[146.87706 238.37076 162.37837 261.4161 ],3215.0983749423176,69.13604736328125,46.50393676757813,83.32112085120299
20200325_150521__8_6_0,20200325_150521_,2020-03-25 15:05:21,0.8487945199012756,-12.524369810363085,-77.00073261778577,[ 95.38919  194.0627   113.145966 245.88573 ],8281.88867679052,155.46908569335938,53.27032470703125,164.34221642877299
20200325_150521__8_6_1,20200325_150521_,2020-03-25 15:05:21,0.78498375415802,-12.525208786017012,-76.99922614515805,[151.94954 241.40796 166.2277  259.59863],2337.5654274746776,54.572021484375,42.83450317382813,69.37506894439659
20200325_150521__8_7_0,20200325_150521_,2020-03-25 15:05:21,0.5015199184417725,-12.525903223720455,-76.99522284653338,[  1.4321239 267.43814     9.248588  282.5977   ],1066.4463306949474,45.4786376953125,23.449390411376953,51.16815804078428
20200325_150521__9_3_0,20200325_150521_,2020-03-25 15:05:21,0.6602584719657898,-12.533200496000614,-77.02482566848158,[123.822525 239.06516  137.67989  267.57272 ],3555.3569528013472,85.522705078125,41.57208251953125,95.09138304226447
20200325_150521__9_3_1,20200325_150521_,2020-03-25 15:05:21,0.6401044130325317,-12.531259844304614,-77.02157098221156,[239.27766 168.6351  256.98947 193.04556],3891.1804891275237,73.23138427734375,53.13542175292969,90.47766955463487
20200325_150521__9_5_0,20200325_150521_,2020-03-25 15:05:21,0.559365451335907,-12.526729432772877,-77.0056003913989,[221.2707     0.       233.81963   18.676266],2109.3026252134005,56.0287971496582,37.64675903320313,67.50188571989385
20200325_150521__9_6_0,20200325_150521_,2020-03-25 15:05:21,0.8005613684654236,-12.528123088048828,-77.0017378987289,[60.66716  43.452873 77.11421  75.898994],4802.787386084441,97.33836364746094,49.34115600585938,109.12977006096868
20200325_150521__9_6_1,20200325_150521_,2020-03-25 15:05:21,0.5784973502159119,-12.526839635676215,-77.0004740911159,[110.50852     3.6035566 118.14207    20.383472 ],1152.812104543671,50.339744567871094,22.900634765625,55.303968716784325
20200325_150521__10_7_0,20200325_150521_,2020-03-25 15:05:21,0.5554105043411255,-12.536779427645852,-76.98987710337957,[198.20943  62.85247 205.9196   90.51197],1919.3361677876676,82.97850036621094,23.130523681640625,86.14204924897136
20200325_150521__11_8_0,20200325_150521_,2020-03-25 15:05:21,0.6393481492996216,-12.543084576578364,-76.97953704696154,[261.88266     0.5905328 297.035      14.216246 ],4310.781835153699,105.45703125,40.877140045166016,113.10228122516182
20200325_150521__11_11_0,20200325_150521_,2020-03-25 15:05:21,0.5268442630767822,-12.543933988957319,-76.96224189928536,[ 2.2979202  7.4909115 16.349297  60.60321  ],6716.707869533566,159.3368911743164,42.15412902832031,164.81873523126012
20200325_150522__1_10_0,20200325_150522_,2020-03-25 15:05:22,0.5852122306823729,-12.534136730618725,-76.98210510447895,[  0.838768 254.88293   91.029076 283.31213 ],23076.344005644318,270.5709228515625,85.28759765625,283.6945515985821
20200325_150522__2_8_0,20200325_150522_,2020-03-25 15:05:22,0.6663995385169983,-12.53538384140375,-76.99269255157745,[231.62277     2.7195396 289.70493    35.24312  ],17001.355331829283,174.2464599609375,97.57073593139648,199.70447496015933
20200325_150522__2_8_1,20200325_150522_,2020-03-25 15:05:22,0.5497757196426392,-12.535135055782751,-76.99918010407579,[ 6.203333   0.2236166 44.85543   22.944023 ],7903.722416309641,115.956298828125,68.16121673583984,134.50581662079733
20200325_150522__2_12_0,20200325_150522_,2020-03-25 15:05:22,0.6653633117675781,-12.538774423474527,-76.96293934027659,[137.49284 123.38959 149.78355 148.50562],2778.2444314621393,75.34808349609375,36.87213134765625,83.88615950592285
20200327_141241__8_12_0,20200327_141241_,2020-03-27 14:12:41,0.6077617406845093,-12.526293127162447,-77.04038058464131,[  8.337254 239.36113   35.98485  250.44197 ],2757.227779854555,82.94279479980469,33.24252319335937,89.35643545634272
20200327_141241__9_8_0,20200327_141241_,2020-03-27 14:12:41,0.6902408003807068,-12.530506667348671,-77.06624966624469,[276.4969    95.17019  287.49084  122.024055],2657.0724154589693,80.56159973144531,32.98187255859375,87.0515667220351
20200327_141242__1_20_0,20200327_141242_,2020-03-27 14:12:42,0.5831544399261475,-12.408378977162592,-76.97981985655095,[239.94916 234.55615 252.27573 250.32657],1749.5560613879934,47.31124877929688,36.97970581054688,60.04875438251084
20200327_141242__2_25_0,20200327_141242_,2020-03-27 14:12:42,0.5116119980812073,-12.411155966757176,-76.93925435433266,[213.51837   28.505367 231.21176   41.58482 ],2082.778676308226,53.08016967773438,39.23835754394531,66.00873514743002
20200327_141242__3_24_0,20200327_141242_,2020-03-27 14:12:42,0.5737095475196838,-12.425566262797162,-76.94915113323485,[155.72392 266.14258 177.27846 274.08472],1540.7019475176928,64.66360473632811,23.826416015625,68.9135681680009
20200327_141242__4_14_0,20200327_141242_,2020-03-27 14:12:42,0.5320039391517639,-12.42943847128618,-77.03169858175788,[154.25522 130.17915 176.49701 142.42671],2451.668721333146,66.72537231445311,36.74267578125,76.1728267433239
20200327_141242__4_15_0,20200327_141242_,2020-03-27 14:12:42,0.7030156850814819,-12.426236553925776,-77.02775194148863,[ 2.4391599  6.5772114 14.634462  27.662504 ],2314.2738056587186,63.25587844848633,36.58590888977051,73.07417387545524
20200327_141242__4_16_0,20200327_141242_,2020-03-27 14:12:42,0.5779982805252075,-12.429361663492873,-77.01894209996416,[ 18.165932 116.60238   41.352417 143.2987  ],5570.945983381884,80.08898162841797,69.55945587158203,106.07904071694671
20200327_141242__4_23_0,20200327_141242_,2020-03-27 14:12:42,0.7973439693450928,-12.432613531483184,-76.96027611829635,[ 57.24192 230.16626  71.07914 237.7933 ],949.8338041137904,41.51165771484375,22.881134033203125,47.40004241432441
20200327_141242__5_4_0,20200327_141242_,2020-03-27 14:12:42,0.9331232309341432,-12.439237416409245,-77.1115112038482,[261.3711  206.51367 268.7755  235.97906],1963.5670318678021,88.39617919921875,22.2132568359375,91.14446377196872
20200327_141242__6_22_0,20200327_141242_,2020-03-27 14:12:42,0.5294009447097778,-12.450028506687422,-76.96400589826341,[225.14087 270.2551  240.2844  288.23825],2450.954985715449,53.949462890625,45.43057250976562,70.53000400362951
20200327_141242__7_25_0,20200327_141242_,2020-03-27 14:12:42,0.6004562377929688,-12.457857887539324,-76.94188491306893,[129.63704 255.99858 149.52925 270.2004 ],2542.5519498121,59.6766357421875,42.60548400878906,73.32481245205412
20200327_141242__8_24_0,20200327_141242_,2020-03-27 14:12:42,0.5093726515769958,-12.463883322087405,-76.95349273794305,[ 12.357125 180.68492   26.673203 198.1245  ],2246.9967485609227,52.3187255859375,42.94823169708253,67.68899210981735
20200327_141242__10_15_0,20200327_141242_,2020-03-27 14:12:42,0.5534942746162415,-12.48014133445094,-77.02799927996388,[  7.4709864 205.76697    22.03307   216.80414  ],1446.517748650338,43.68624973297119,33.11151123046875,54.81660872123506
20200327_141242__12_5_0,20200327_141242_,2020-03-27 14:12:42,0.5772572755813599,-12.493485264971175,-77.10384570235428,[248.85823 122.62228 270.7546  131.14333],1679.2210537054345,65.68913269042969,25.56314849853516,70.4878479936722
20200327_141243__2_20_0,20200327_141243_,2020-03-27 14:12:43,0.718795657157898,-12.351320149800287,-76.99697285483063,[ 43.249496 121.49708   67.89428  135.90868 ],3196.5363967309827,73.9343490600586,43.23479461669922,85.6477404050028
20200327_141243__4_11_0,20200327_141243_,2020-03-27 14:12:43,0.67075115442276,-12.364887418478574,-77.06906987105644,[130.32301   45.457554 142.14513   56.432705],1167.7452880900819,35.466339111328125,32.92545318603516,48.393663608632856
20200327_141243__5_19_0,20200327_141243_,2020-03-27 14:12:43,0.7998894453048706,-12.37367971373055,-77.0058055041208,[31.95132 48.51881 49.03435 68.96   ],3142.777104344132,61.32356643676758,51.24909210205078,79.919016772037
20200327_141243__5_19_1,20200327_141243_,2020-03-27 14:12:43,0.6744372844696045,-12.377960971228564,-77.00161025442127,[177.9627  202.68147 209.59335 228.31017],7295.868878119625,94.89193725585938,76.88607788085938,122.13086722066427
20200327_141243__7_10_0,20200327_141243_,2020-03-27 14:12:43,0.5510891079902649,-12.392431787041366,-77.07829336971182,[ 88.08314 159.25203 129.33008 185.63667],9794.572432109157,123.7408218383789,79.1539306640625,146.89157814118767
20200327_141243__8_14_0,20200327_141243_,2020-03-27 14:12:43,0.563913106918335,-12.397680611173026,-77.04158752205956,[230.17722   51.535007 259.69867   61.981525],2775.567577179987,88.56436157226562,31.33955383300781,93.94580232855002
20200327_141243__8_23_0,20200327_141243_,2020-03-27 14:12:43,0.6810778379440308,-12.400865512234757,-76.96798007179257,[215.30202 145.35716 231.22792 162.97072],2524.606096688658,52.84066772460938,47.7777099609375,71.2379515054584
20200327_141243__9_10_0,20200327_141243_,2020-03-27 14:12:43,0.8971326947212219,-12.406276864600349,-77.07616688103646,[170.16705  74.1483  209.3869   94.82344],7297.882885795087,117.6595458984375,62.02542114257813,133.00722389757897
20200327_141243__9_22_0,20200327_141243_,2020-03-27 14:12:43,0.7488428354263306,-12.408279956548036,-76.9799046566227,[ 85.186905 123.644035  98.83562  139.98048 ],2006.743370187236,49.00934600830078,40.946136474609375,63.86315125609356
20200327_141243__10_12_0,20200327_141243_,2020-03-27 14:12:43,0.6953089833259583,-12.413987845579088,-77.06314104216713,[58.825794 59.875538 73.576096 72.56075 ],1683.9966962351318,44.25090408325195,38.05564498901367,58.364155332832546
20200327_141244__8_12_0,20200327_141244_,2020-03-27 14:12:44,0.5208349823951721,-12.339438260559838,-77.07434025628453,[ 75.24428 199.41707  98.48601 220.1822 ],4343.559259995818,69.72518920898439,62.29541015625,93.5003750621573
20200327_141244__13_5_0,20200327_141244_,2020-03-27 14:12:44,0.5231823325157166,-12.374035778795239,-77.13392439695329,[ 2.9566288  0.        55.761063  15.697237 ],7459.953687762478,158.4133071899414,47.09171104431152,165.26465182831953
20200327_141245__13_5_0,20200327_141245_,2020-03-27 14:12:45,0.5042849779129028,-12.311802162698472,-77.14584366796986,[ 0.9597988  0.        44.63275   13.778938 ],5415.90204063087,131.01885223388672,41.336814880371094,137.38512257569636
20200328_141238__2_19_0,20200328_141238_,2020-03-28 14:12:38,0.5126171708106995,-12.42336029412133,-77.01290529353611,[252.43169 253.81783 263.38803 276.09125],2196.317606364609,66.82026672363281,32.869033813476555,74.46691499484113
20200328_141238__4_7_0,20200328_141238_,2020-03-28 14:12:38,0.5509071946144104,-12.431732525947664,-77.11850965998045,[ 0.          0.59159327 40.361      10.323555  ],3535.125543979273,121.08300018310548,29.19588661193848,124.55317229359953
20200328_141239__2_19_0,20200328_141239_,2020-03-28 14:12:39,0.951521098613739,-12.361347114575686,-77.02449370382925,[257.89105 255.19534 269.08423 284.81442],2983.784209113568,88.85723876953125,33.57952880859375,94.99049234924864
20200328_141239__4_7_0,20200328_141239_,2020-03-28 14:12:39,0.8984989523887634,-12.369593897689441,-77.13007828904678,[ 0.45758057  0.         50.557236   11.806708  ],5323.608144901649,150.29896545410156,35.4201250076294,154.41620469409713
20200328_141239__5_18_0,20200328_141239_,2020-03-28 14:12:39,0.9135401248931884,-12.379826352606184,-77.03679477387563,[112.665474  48.594086 130.66747   67.27575 ],3026.7642915923493,56.04499053955078,54.00597381591797,77.83113883519856
20200328_141239__7_15_0,20200328_141239_,2020-03-28 14:12:39,0.9439048767089844,-12.396764390281794,-77.05855662333259,[228.87318  75.23082 240.10219 106.15709],3125.4408123493195,92.77880859375,33.68701171875,98.70522824356823
20200328_141240__3_22_0,20200328_141240_,2020-03-28 14:12:40,0.6231488585472107,-12.30592721190042,-77.01860433070293,[  2.225636 193.25903   11.046185 223.62149 ],2410.3218824907667,91.08737182617188,26.46164703369141,94.85319219686262
20200328_141240__4_7_0,20200328_141240_,2020-03-28 14:12:40,0.8997315764427185,-12.307588843596427,-77.1418612166162,[ 0.          0.44806576 43.980278   10.21899   ],3867.551810759898,131.94083404541016,29.31277370452881,135.15776851831853
20200328_141240__5_2_0,20200328_141240_,2020-03-28 14:12:40,0.7147232890129089,-12.31536278335454,-77.18328425522691,[ 0.8061428   0.24928236 33.145905   10.082291  ],2861.973999269307,97.01927947998048,29.4990234375,101.40479759153773
20200328_141240__6_8_0,20200328_141240_,2020-03-28 14:12:40,0.9390485286712646,-12.325243367875936,-77.13263602321788,[58.417114 40.790916 67.06295  70.87665 ],2341.0466714454237,90.25719451904295,25.93750762939453,93.9101456950912
20200328_141240__7_11_0,20200328_141240_,2020-03-28 14:12:40,0.8905057907104492,-12.334250679995575,-77.10355397529231,[216.84714   65.678734 229.16241   95.76888 ],3335.1166979055847,90.27044677734376,36.94583129882813,97.53844376317844
20200328_141240__7_15_0,20200328_141240_,2020-03-28 14:12:40,0.7468127012252808,-12.33468449494164,-77.07004221977542,[237.76123  73.2675  246.97195 101.26225],2320.6672912426293,83.9842529296875,27.63217163085937,88.41318707746595
20200328_141240__8_8_0,20200328_141240_,2020-03-28 14:12:40,0.6160536408424377,-12.344651355002684,-77.12897635850422,[196.77496 158.94592 205.51193 186.28363],2149.638326721266,82.01312255859375,26.210906982421875,86.0997323843233
20200328_141241__10_10_0,20200328_141241_,2020-03-28 14:12:41,0.9115480184555054,-12.301896495719811,-77.12576152292971,[149.61853 250.96458 158.83844 280.52136],2452.5974053172395,88.67033386230469,27.65972900390625,92.8842759342081
20200328_150623__9_1_0,20200328_150623_,2020-03-28 15:06:23,0.5226789712905884,-12.512029757535196,-76.94093515936423,[ 2.2082243  0.        33.07527   13.407961 ],3724.7773534826924,92.60113906860352,40.2238826751709,100.96004999141374
20200329_141321__6_0_0,20200329_141321_,2020-03-29 14:13:21,0.7564831376075745,-12.34661403687276,-77.05040179406275,[119.89198 206.48315 151.99345 221.06763],4213.647227302195,96.30441284179688,43.75341796875,105.7776040414576
20200329_152812_08__12_4_0,20200329_152812_08_,2020-03-29 15:28:12,0.5534994006156921,-12.309909829757855,-77.16987195326544,[282.25317 171.00598 291.3122  197.1813 ],2134.105245379731,78.52597045898438,27.17706298828125,83.09585302043835
20200329_152812_08__20_3_0,20200329_152812_08_,2020-03-29 15:28:12,0.8793879151344299,-12.3701154731717,-77.17940463099741,[217.21954     5.5364656 299.         25.578083 ],14751.114284622017,245.34136962890625,60.124855041503906,252.60123880367146
20200329_152812_08__22_21_0,20200329_152812_08_,2020-03-29 15:28:12,0.6224319934844971,-12.39272812416371,-77.03397263474011,[114.21672 197.30017 197.00319 222.68689],18915.091130375866,248.3594055175781,76.16015625,259.7744477601083
20200329_152812_08__24_24_0,20200329_152812_08_,2020-03-29 15:28:12,0.9304636716842652,-12.403823926570821,-77.00624618199079,[234.74202    4.183057 299.        23.035954],10903.042136599892,192.77394104003903,56.5586929321289,200.8996717028161
20200329_152814_11__6_24_0,20200329_152814_11_,2020-03-29 15:28:14,0.6107367277145386,-12.392729084467351,-77.03398035873292,[123.99382 184.5163  206.66658 209.54587],18623.37384460587,248.01828002929688,75.08871459960938,259.13583752331965
20200329_152814_11__11_25_0,20200329_152814_11_,2020-03-29 15:28:14,0.8137291073799133,-12.434794394410543,-77.02480289986308,[202.43835 243.46077 219.23923 258.40378],2259.500254222657,50.40261840820313,44.82902526855469,67.45417295417424
20200329_152814_11__12_25_0,20200329_152814_11_,2020-03-29 15:28:14,0.7922705411911011,-12.436794458932257,-77.02419648041405,[221.9223    15.151029 244.84094   35.909775],4281.860290437704,68.75592041015625,62.27624130249024,92.76694897544994
20200329_152814_11__16_23_0,20200329_152814_11_,2020-03-29 15:28:14,0.6986412405967712,-12.469813762232835,-77.04455432663727,[ 97.55862   39.02651  108.102516  66.96045 ],2650.7939972900203,83.80182266235352,31.63169860839844,89.5729302768705
20200329_152814_11__22_13_0,20200329_152814_11_,2020-03-29 15:28:14,0.8517272472381592,-12.516772427378163,-77.12290797475691,[235.47348    4.432068 298.23624   22.201548],10037.353752661147,188.28826904296875,53.30843925476074,195.68919733847318
